INSERT INTO `LOG_ABF_HISTORY` VALUES ('OBJLOG1505799781', 'OPERATELOG1505787383', null, null, 'admin', '系统管理员', '{\"authMode\":\"password\",\"errCount\":0,\"guid\":\"111\",\"lastLogin\":1508139074228,\"lockLimit\":5,\"lockTime\":1502429890000,\"menuType\":\"default\",\"operatorName\":\"系统管理员\",\"operatorStatus\":\"login\",\"userId\":\"admin\"}');
INSERT INTO `LOG_ABF_HISTORY` VALUES ('OBJLOG1505799782', 'OPERATELOG1505787384', null, null, 'MENU1505799287', '其他管理', '{\"displayOrder\":2,\"expandPath\":\"fa fa-lg fa-stack-overflow\",\"guid\":\"MENU1505799287\",\"guidApp\":\"APP1499956132\",\"guidParents\":\"MENU1502953640\",\"guidRoot\":\"MENU1502953640\",\"imagePath\":\"fa fa-lg fa-stack-overflow\",\"isleaf\":\"N\",\"menuCode\":\"MENU_INFO\",\"menuLabel\":\"其他管理\",\"menuLevel\":0,\"menuName\":\"其他管理\",\"menuSeq\":\"MENU1502953640.MENU1505799287\",\"subCount\":0}');
INSERT INTO `LOG_ABF_HISTORY` VALUES ('OBJLOG1505799783', 'OPERATELOG1505787385', null, null, 'MENU1505799286', 'Menu_SYSWATCH', '{\"displayOrder\":1,\"expandPath\":\"fa fa-lg fa-bell\",\"guid\":\"MENU1505799286\",\"guidApp\":\"APP1499956132\",\"guidParents\":\"MENU1502953640\",\"guidRoot\":\"MENU1502953640\",\"imagePath\":\"fa fa-lg fa-bell\",\"isleaf\":\"N\",\"menuCode\":\"系统监控\",\"menuLabel\":\"系统监控\",\"menuLevel\":0,\"menuName\":\"Menu_SYSWATCH\",\"menuSeq\":\"MENU1502953640.MENU1505799286\",\"subCount\":0}');
INSERT INTO `LOG_ABF_HISTORY` VALUES ('OBJLOG1505799784', 'OPERATELOG1505787386', null, null, 'admin', '系统管理员', '{\"authMode\":\"password\",\"errCount\":0,\"guid\":\"111\",\"lastLogin\":1508139222855,\"lockLimit\":5,\"lockTime\":1502429890000,\"menuType\":\"default\",\"operatorName\":\"系统管理员\",\"operatorStatus\":\"login\",\"userId\":\"admin\"}');
INSERT INTO `LOG_ABF_HISTORY` VALUES ('OBJLOG1505799785', 'OPERATELOG1505787387', null, null, 'FUNC1500601486', '测试', '{\"attrKey\":\"测试\",\"attrType\":\"测试\",\"attrValue\":\"测试\",\"guidFunc\":\"FUNC1500601486\",\"memo\":\"123123\"}');
INSERT INTO `LOG_ABF_HISTORY` VALUES ('OBJLOG1505799786', 'OPERATELOG1505787388', null, null, 'FUNC1500601486', '测试1', '{\"attrKey\":\"测试1\",\"attrType\":\"测试1\",\"attrValue\":\"测试1\",\"guidFunc\":\"FUNC1500601486\",\"memo\":\"123123\"}');
INSERT INTO `LOG_ABF_HISTORY` VALUES ('OBJLOG1505799787', 'OPERATELOG1505787389', null, null, 'FUNC1500601486', '测试1', '{\"attrKey\":\"测试1\",\"attrType\":\"测试1\",\"attrValue\":\"测试1\",\"guidFunc\":\"FUNC1500601486\",\"memo\":\"123123\"}');
INSERT INTO `LOG_ABF_HISTORY` VALUES ('OBJLOG1505799788', 'OPERATELOG1505787390', null, null, 'FUNC1500601486', null, '{\"attrKey\":\"测试\",\"memo\":\"123123\",\"attrValue\":\"测试\",\"guidFunc\":\"FUNC1500601486\",\"attrType\":\"测试\"}');
INSERT INTO `LOG_ABF_HISTORY` VALUES ('OBJLOG1505799789', 'OPERATELOG1505787391', null, null, 'FUNC1500601486', '3123', '{\"attrKey\":\"3123\",\"attrType\":\"测试13123\",\"attrValue\":\"1312\",\"guidFunc\":\"FUNC1500601486\",\"memo\":\"313123\"}');
INSERT INTO `LOG_ABF_HISTORY` VALUES ('OBJLOG1505799790', 'OPERATELOG1505787392', null, null, 'OPERATORCFG1507720783', null, '{\"configValue\":\"light2\",\"guidConfig\":\"OPERATORCFG1507720783\",\"guidOperator\":\"111\"}');
INSERT INTO `LOG_ABF_HISTORY` VALUES ('OBJLOG1505799791', 'OPERATELOG1505787393', null, null, 'OPERATORCFG1507720783', null, '{\"configValue\":\"default\",\"guidConfig\":\"OPERATORCFG1507720783\",\"guidOperator\":\"111\"}');
INSERT INTO `LOG_ABF_HISTORY` VALUES ('OBJLOG1505799792', 'OPERATELOG1505787394', null, null, 'FUNC1500601486', '测试13123', '{\"attrKey\":\"测试13123\",\"attrType\":\"测试13123\",\"attrValue\":\"1312\",\"guidFunc\":\"FUNC1500601486\",\"memo\":\"313123\"}');
INSERT INTO `LOG_ABF_HISTORY` VALUES ('OBJLOG1505799793', 'OPERATELOG1505787395', null, null, 'admin', '系统管理员', '{\"authMode\":\"password\",\"errCount\":0,\"guid\":\"111\",\"lastLogin\":1508139577851,\"lockLimit\":5,\"lockTime\":1502429890000,\"menuType\":\"default\",\"operatorName\":\"系统管理员\",\"operatorStatus\":\"login\",\"userId\":\"admin\"}');
INSERT INTO `LOG_ABF_HISTORY` VALUES ('OBJLOG1505799794', 'OPERATELOG1505787396', null, null, 'FUNC1500601486', '测试13123', '{\"attrKey\":\"测试13123\",\"attrType\":\"测试13123\",\"attrValue\":\"测试13123\",\"guidFunc\":\"FUNC1500601486\",\"memo\":\"测试13123\"}');
INSERT INTO `LOG_ABF_HISTORY` VALUES ('OBJLOG1505799795', 'OPERATELOG1505787397', null, null, 'admin', '系统管理员', '{\"authMode\":\"password\",\"errCount\":0,\"guid\":\"111\",\"lastLogin\":1508139612270,\"lockLimit\":5,\"lockTime\":1502429890000,\"menuType\":\"default\",\"operatorName\":\"系统管理员\",\"operatorStatus\":\"login\",\"userId\":\"admin\"}');
INSERT INTO `LOG_ABF_HISTORY` VALUES ('OBJLOG1505799796', 'OPERATELOG1505787398', null, null, 'FUNC1500601487', 'cess', '{\"attrKey\":\"cess\",\"attrType\":\"test01\",\"attrValue\":\"cs55\",\"guidFunc\":\"FUNC1500601487\",\"memo\":\"12313131\"}');
INSERT INTO `LOG_ABF_HISTORY` VALUES ('OBJLOG1505799797', 'OPERATELOG1505787399', null, null, 'FUNC1500601487', 'cess', '{\"attrKey\":\"cess\",\"attrType\":\"test01测试\",\"attrValue\":\"cs55\",\"guidFunc\":\"FUNC1500601487\",\"memo\":\"12313131\"}');
INSERT INTO `LOG_ABF_HISTORY` VALUES ('OBJLOG1505799798', 'OPERATELOG1505787400', null, null, 'FUNC1500601487', 'cess测试', '{\"attrKey\":\"cess测试\",\"attrType\":\"test01测试\",\"attrValue\":\"cs55\",\"guidFunc\":\"FUNC1500601487\",\"memo\":\"12313131\"}');
INSERT INTO `LOG_ABF_HISTORY` VALUES ('OBJLOG1505799799', 'OPERATELOG1505787401', null, null, 'FUNC1500601487', 'cess', '{\"attrKey\":\"cess\",\"attrType\":\"test01测试\",\"attrValue\":\"cs55313123\",\"guidFunc\":\"FUNC1500601487\",\"memo\":\"12313131\"}');
INSERT INTO `LOG_ABF_HISTORY` VALUES ('OBJLOG1505799800', 'OPERATELOG1505787402', null, null, 'FUNC1500601487', 'cess', '{\"attrKey\":\"cess\",\"attrType\":\"test01测试\",\"attrValue\":\"cs55313123\",\"guidFunc\":\"FUNC1500601487\",\"memo\":\"12313131312313\"}');
INSERT INTO `LOG_ABF_HISTORY` VALUES ('OBJLOG1505799801', 'OPERATELOG1505787403', null, null, 'FUNC1500601487', 'cess', '{\"attrKey\":\"cess\",\"attrType\":\"test01测试\",\"attrValue\":\"1\",\"guidFunc\":\"FUNC1500601487\",\"memo\":\"12313131312313\"}');
INSERT INTO `LOG_ABF_HISTORY` VALUES ('OBJLOG1505799802', 'OPERATELOG1505787404', null, null, 'FUNC1500601487', 'cess312', '{\"attrKey\":\"cess312\",\"attrType\":\"test01测试\",\"attrValue\":\"1\",\"guidFunc\":\"FUNC1500601487\",\"memo\":\"12313131312313\"}');
INSERT INTO `LOG_ABF_HISTORY` VALUES ('OBJLOG1505799803', 'OPERATELOG1505787405', null, null, 'admin', '系统管理员', '{\"authMode\":\"password\",\"errCount\":0,\"guid\":\"111\",\"lastLogin\":1508139873519,\"lockLimit\":5,\"lockTime\":1502429890000,\"menuType\":\"default\",\"operatorName\":\"系统管理员\",\"operatorStatus\":\"login\",\"userId\":\"admin\"}');
INSERT INTO `LOG_ABF_HISTORY` VALUES ('OBJLOG1505799804', 'OPERATELOG1505787406', null, null, 'admin', '系统管理员', '{\"authMode\":\"password\",\"errCount\":0,\"guid\":\"111\",\"lastLogin\":1508139917011,\"lockLimit\":5,\"lockTime\":1502429890000,\"menuType\":\"default\",\"operatorName\":\"系统管理员\",\"operatorStatus\":\"login\",\"userId\":\"admin\"}');
INSERT INTO `LOG_ABF_HISTORY` VALUES ('OBJLOG1505799805', 'OPERATELOG1505787413', null, null, 'admin', '系统管理员', '{\"authMode\":\"password\",\"errCount\":0,\"guid\":\"111\",\"lastLogin\":1508141103471,\"lockLimit\":5,\"lockTime\":1502429890000,\"menuType\":\"default\",\"operatorName\":\"系统管理员\",\"operatorStatus\":\"login\",\"userId\":\"admin\"}');
INSERT INTO `LOG_ABF_HISTORY` VALUES ('OBJLOG1505799806', 'OPERATELOG1505787416', null, null, 'FUNC1508141165', 'cada13', '{\"funcAction\":\"321\",\"funcCode\":\"csasa12\",\"funcDesc\":\"31231231\",\"funcName\":\"cada13\",\"funcType\":\"0\",\"guid\":\"FUNC1508141165\",\"guidBhvtypeDef\":\"BHVTYPEDEF1507621470\",\"guidFuncgroup\":\"FUNCGROUP1506175723\",\"ischeck\":\"Y\",\"ismenu\":\"Y\",\"paraInfo\":\"31232\"}');
INSERT INTO `LOG_ABF_HISTORY` VALUES ('OBJLOG1505799807', 'OPERATELOG1505787417', null, null, 'admin', '系统管理员', '{\"authMode\":\"password\",\"errCount\":0,\"guid\":\"111\",\"lastLogin\":1508142232481,\"lockLimit\":5,\"lockTime\":1502429890000,\"menuType\":\"default\",\"operatorName\":\"系统管理员\",\"operatorStatus\":\"login\",\"userId\":\"admin\"}');
INSERT INTO `LOG_ABF_HISTORY` VALUES ('OBJLOG1505799808', 'OPERATELOG1505787420', null, null, 'admin', '系统管理员', '{\"authMode\":\"password\",\"errCount\":0,\"guid\":\"111\",\"lastLogin\":1508142345301,\"lockLimit\":5,\"lockTime\":1502429890000,\"menuType\":\"default\",\"operatorName\":\"系统管理员\",\"operatorStatus\":\"login\",\"userId\":\"admin\"}');
INSERT INTO `LOG_ABF_HISTORY` VALUES ('OBJLOG1505799809', 'OPERATELOG1505787421', null, null, 'FUNC1508141166', '测试1312', '{\"funcAction\":\"231\",\"funcCode\":\"31312312\",\"funcDesc\":\"2312\",\"funcName\":\"测试1312\",\"funcType\":\"1\",\"guid\":\"FUNC1508141166\",\"guidBhvtypeDef\":\"BHVTYPEDEF1507621470\",\"guidFuncgroup\":\"FUNCGROUP1506175723\",\"ischeck\":\"N\",\"ismenu\":\"Y\",\"paraInfo\":\"31\"}');
INSERT INTO `LOG_ABF_HISTORY` VALUES ('OBJLOG1505799810', 'OPERATELOG1505787423', null, null, 'FUNC1508141165', 'cada13', '{\"funcAction\":\"321\",\"funcCode\":\"csasa12\",\"funcDesc\":\"31231231\",\"funcName\":\"cada13\",\"funcType\":\"0\",\"guid\":\"FUNC1508141165\",\"guidBhvtypeDef\":\"BHVTYPEDEF1507621469\",\"guidFuncgroup\":\"FUNCGROUP1506175723\",\"ischeck\":\"Y\",\"ismenu\":\"Y\",\"paraInfo\":\"31232\"}');
INSERT INTO `LOG_ABF_HISTORY` VALUES ('OBJLOG1505799811', 'OPERATELOG1505787424', null, null, 'FUNC1508141166', '测试1312', '{\"funcAction\":\"231\",\"funcCode\":\"31312312\",\"funcDesc\":\"2312\",\"funcName\":\"测试1312\",\"funcType\":\"1\",\"guid\":\"FUNC1508141166\",\"guidBhvtypeDef\":\"BHVTYPEDEF1507621469\",\"guidFuncgroup\":\"FUNCGROUP1506175723\",\"ischeck\":\"N\",\"ismenu\":\"Y\",\"paraInfo\":\"31\"}');
INSERT INTO `LOG_ABF_HISTORY` VALUES ('OBJLOG1505799812', 'OPERATELOG1505787425', null, null, 'FUNC1508141166', '测试1312', '{\"funcAction\":\"231\",\"funcCode\":\"31312312\",\"funcDesc\":\"2312\",\"funcName\":\"测试1312\",\"funcType\":\"1\",\"guid\":\"FUNC1508141166\",\"guidBhvtypeDef\":\"BHVTYPEDEF1507621469\",\"guidFuncgroup\":\"FUNCGROUP1506175723\",\"ischeck\":\"N\",\"ismenu\":\"Y\",\"paraInfo\":\"31\"}');
INSERT INTO `LOG_ABF_HISTORY` VALUES ('OBJLOG1505799813', 'OPERATELOG1505787426', null, null, 'FUNC1508141166', '测试1312', '{\"funcAction\":\"231\",\"funcCode\":\"31312312\",\"funcDesc\":\"2312\",\"funcName\":\"测试1312\",\"funcType\":\"1\",\"guid\":\"FUNC1508141166\",\"guidBhvtypeDef\":\"BHVTYPEDEF1507621471\",\"guidFuncgroup\":\"FUNCGROUP1506175723\",\"ischeck\":\"N\",\"ismenu\":\"Y\",\"paraInfo\":\"31\"}');
INSERT INTO `LOG_ABF_HISTORY` VALUES ('OBJLOG1505799814', 'OPERATELOG1505787427', null, null, 'FUNC1508141166', '测试', '{\"funcAction\":\"231\",\"funcCode\":\"31312312\",\"funcDesc\":\"2312\",\"funcName\":\"测试\",\"funcType\":\"1\",\"guid\":\"FUNC1508141166\",\"guidBhvtypeDef\":\"BHVTYPEDEF1507621471\",\"guidFuncgroup\":\"FUNCGROUP1506175723\",\"ischeck\":\"N\",\"ismenu\":\"Y\",\"paraInfo\":\"31\"}');
INSERT INTO `LOG_ABF_HISTORY` VALUES ('OBJLOG1505799815', 'OPERATELOG1505787428', null, null, 'FUNC1508141166', '测试13123', '{\"attrKey\":\"测试13123\",\"attrType\":\"测试21312\",\"attrValue\":\"13123\",\"guidFunc\":\"FUNC1508141166\",\"memo\":\"1231231\"}');
INSERT INTO `LOG_ABF_HISTORY` VALUES ('OBJLOG1505799816', 'OPERATELOG1505787429', null, null, 'admin', '系统管理员', '{\"authMode\":\"password\",\"errCount\":0,\"guid\":\"111\",\"lastLogin\":1508146807605,\"lockLimit\":5,\"lockTime\":1502429890000,\"menuType\":\"default\",\"operatorName\":\"系统管理员\",\"operatorStatus\":\"login\",\"userId\":\"admin\"}');
INSERT INTO `LOG_ABF_HISTORY` VALUES ('OBJLOG1505799817', 'OPERATELOG1505787430', null, null, 'FUNC1508141165', 'cada13', '{\"funcAction\":\"321\",\"funcCode\":\"csasa12\",\"funcDesc\":\"31231231\",\"funcName\":\"cada13\",\"funcType\":\"0\",\"guid\":\"FUNC1508141165\",\"guidBhvtypeDef\":\"BHVTYPEDEF1507621470\",\"guidFuncgroup\":\"FUNCGROUP1506175723\",\"ischeck\":\"Y\",\"ismenu\":\"Y\",\"paraInfo\":\"31232\"}');
INSERT INTO `LOG_ABF_HISTORY` VALUES ('OBJLOG1505799818', 'OPERATELOG1505787431', null, null, 'admin', '系统管理员', '{\"authMode\":\"password\",\"errCount\":0,\"guid\":\"111\",\"lastLogin\":1508147321985,\"lockLimit\":5,\"lockTime\":1502429890000,\"menuType\":\"default\",\"operatorName\":\"系统管理员\",\"operatorStatus\":\"login\",\"userId\":\"admin\"}');
INSERT INTO `LOG_ABF_HISTORY` VALUES ('OBJLOG1505799819', 'OPERATELOG1505787432', null, null, 'admin', '系统管理员', '{\"authMode\":\"password\",\"errCount\":0,\"guid\":\"111\",\"lastLogin\":1508147818097,\"lockLimit\":5,\"lockTime\":1502429890000,\"menuType\":\"default\",\"operatorName\":\"系统管理员\",\"operatorStatus\":\"login\",\"userId\":\"admin\"}');
INSERT INTO `LOG_ABF_HISTORY` VALUES ('OBJLOG1505799820', 'OPERATELOG1505787434', null, null, 'admin', '系统管理员', '{\"authMode\":\"password\",\"errCount\":0,\"guid\":\"111\",\"lastLogin\":1508148515356,\"lockLimit\":5,\"lockTime\":1502429890000,\"menuType\":\"default\",\"operatorName\":\"系统管理员\",\"operatorStatus\":\"login\",\"userId\":\"admin\"}');
INSERT INTO `LOG_ABF_HISTORY` VALUES ('OBJLOG1505799821', 'OPERATELOG1505787435', null, null, 'admin', '系统管理员', '{\"authMode\":\"password\",\"errCount\":0,\"guid\":\"111\",\"lastLogin\":1508315595421,\"lockLimit\":5,\"lockTime\":1502429890000,\"menuType\":\"default\",\"operatorName\":\"系统管理员\",\"operatorStatus\":\"login\",\"userId\":\"admin\"}');
INSERT INTO `LOG_ABF_HISTORY` VALUES ('OBJLOG1505799822', 'OPERATELOG1505787436', null, null, 'FUNC1508141166', '测试', '{\"funcAction\":\"231\",\"funcCode\":\"31312312\",\"funcDesc\":\"2312\",\"funcName\":\"测试\",\"funcType\":\"1\",\"guid\":\"FUNC1508141166\",\"guidBhvtypeDef\":\"BHVTYPEDEF1507621469\",\"guidFuncgroup\":\"FUNCGROUP1506175723\",\"ischeck\":\"N\",\"ismenu\":\"Y\",\"paraInfo\":\"31\"}');
INSERT INTO `LOG_ABF_HISTORY` VALUES ('OBJLOG1505799823', 'OPERATELOG1505787438', null, null, 'admin', '系统管理员', '{\"authMode\":\"password\",\"errCount\":0,\"guid\":\"111\",\"lastLogin\":1508326009930,\"lockLimit\":5,\"lockTime\":1502429890000,\"menuType\":\"default\",\"operatorName\":\"系统管理员\",\"operatorStatus\":\"login\",\"userId\":\"admin\"}');
INSERT INTO `LOG_ABF_HISTORY` VALUES ('OBJLOG1505799824', 'OPERATELOG1505787439', null, null, 'FUNC1508141166', '测试', '{\"funcAction\":\"231\",\"funcCode\":\"31312312\",\"funcDesc\":\"2312\",\"funcName\":\"测试\",\"funcType\":\"1\",\"guid\":\"FUNC1508141166\",\"guidBhvtypeDef\":\"BHVTYPEDEF1507621469\",\"guidFuncgroup\":\"FUNCGROUP1506175723\",\"ischeck\":\"N\",\"ismenu\":\"Y\",\"paraInfo\":\"31\"}');
INSERT INTO `LOG_ABF_HISTORY` VALUES ('OBJLOG1505799825', 'OPERATELOG1505787440', null, null, 'FUNC1508141166', '测试13123', '{\"funcAction\":\"231\",\"funcCode\":\"31312312\",\"funcDesc\":\"2312\",\"funcName\":\"测试13123\",\"funcType\":\"1\",\"guid\":\"FUNC1508141166\",\"guidBhvtypeDef\":\"BHVTYPEDEF1507621469\",\"guidFuncgroup\":\"FUNCGROUP1506175723\",\"ischeck\":\"N\",\"ismenu\":\"Y\",\"paraInfo\":\"31\"}');
INSERT INTO `LOG_ABF_HISTORY` VALUES ('OBJLOG1505799826', 'OPERATELOG1505787441', null, null, 'FUNC1508141166', '测试', '{\"funcAction\":\"231\",\"funcCode\":\"31312312\",\"funcDesc\":\"2312\",\"funcName\":\"测试\",\"funcType\":\"1\",\"guid\":\"FUNC1508141166\",\"guidBhvtypeDef\":\"BHVTYPEDEF1507621469\",\"guidFuncgroup\":\"FUNCGROUP1506175723\",\"ischeck\":\"N\",\"ismenu\":\"Y\",\"paraInfo\":\"31\"}');
INSERT INTO `LOG_ABF_HISTORY` VALUES ('OBJLOG1505799827', 'OPERATELOG1505787443', null, null, 'FUNC1508141166', '测试1', '{\"funcAction\":\"231\",\"funcCode\":\"31312312\",\"funcDesc\":\"2312\",\"funcName\":\"测试1\",\"funcType\":\"1\",\"guid\":\"FUNC1508141166\",\"guidBhvtypeDef\":\"BHVTYPEDEF1507621469\",\"guidFuncgroup\":\"FUNCGROUP1506175723\",\"ischeck\":\"N\",\"ismenu\":\"Y\",\"paraInfo\":\"31\"}');
INSERT INTO `LOG_ABF_HISTORY` VALUES ('OBJLOG1505799828', 'OPERATELOG1505787445', null, null, 'FUNC1508141166', '测试', '{\"funcAction\":\"231\",\"funcCode\":\"31312312\",\"funcDesc\":\"2312\",\"funcName\":\"测试\",\"funcType\":\"1\",\"guid\":\"FUNC1508141166\",\"guidBhvtypeDef\":\"BHVTYPEDEF1507621469\",\"guidFuncgroup\":\"FUNCGROUP1506175723\",\"ischeck\":\"N\",\"ismenu\":\"Y\",\"paraInfo\":\"31\"}');
INSERT INTO `LOG_ABF_HISTORY` VALUES ('OBJLOG1505799829', 'OPERATELOG1505787446', null, null, 'admin', '系统管理员', '{\"authMode\":\"password\",\"errCount\":0,\"guid\":\"111\",\"lastLogin\":1508326647111,\"lockLimit\":5,\"lockTime\":1502429890000,\"menuType\":\"default\",\"operatorName\":\"系统管理员\",\"operatorStatus\":\"login\",\"userId\":\"admin\"}');
INSERT INTO `LOG_ABF_HISTORY` VALUES ('OBJLOG1505799830', 'OPERATELOG1505787448', null, null, 'FUNC1508141166', '测试', '{\"funcAction\":\"231\",\"funcCode\":\"31312312\",\"funcDesc\":\"2312\",\"funcName\":\"测试\",\"funcType\":\"1\",\"guid\":\"FUNC1508141166\",\"guidBhvtypeDef\":\"BHVTYPEDEF1507621469\",\"guidFuncgroup\":\"FUNCGROUP1506175723\",\"ischeck\":\"N\",\"ismenu\":\"Y\",\"paraInfo\":\"31\"}');
INSERT INTO `LOG_ABF_HISTORY` VALUES ('OBJLOG1505799831', 'OPERATELOG1505787449', null, null, 'FUNC1508141166', '测试', '{\"funcAction\":\"231\",\"funcCode\":\"31312312\",\"funcDesc\":\"2312\",\"funcName\":\"测试\",\"funcType\":\"1\",\"guid\":\"FUNC1508141166\",\"guidBhvtypeDef\":\"BHVTYPEDEF1507621469\",\"guidFuncgroup\":\"FUNCGROUP1506175723\",\"ischeck\":\"N\",\"ismenu\":\"Y\",\"paraInfo\":\"31\"}');
INSERT INTO `LOG_ABF_HISTORY` VALUES ('OBJLOG1505799832', 'OPERATELOG1505787450', null, null, 'FUNC1508141166', '测试', '{\"funcAction\":\"231\",\"funcCode\":\"31312312\",\"funcDesc\":\"2312\",\"funcName\":\"测试\",\"funcType\":\"1\",\"guid\":\"FUNC1508141166\",\"guidBhvtypeDef\":\"BHVTYPEDEF1507621469\",\"guidFuncgroup\":\"FUNCGROUP1506175723\",\"ischeck\":\"N\",\"ismenu\":\"Y\",\"paraInfo\":\"31\"}');
INSERT INTO `LOG_ABF_HISTORY` VALUES ('OBJLOG1505799833', 'OPERATELOG1505787452', null, null, 'admin', '系统管理员', '{\"authMode\":\"password\",\"errCount\":0,\"guid\":\"111\",\"lastLogin\":1508327477073,\"lockLimit\":5,\"lockTime\":1502429890000,\"menuType\":\"default\",\"operatorName\":\"系统管理员\",\"operatorStatus\":\"login\",\"userId\":\"admin\"}');
INSERT INTO `LOG_ABF_HISTORY` VALUES ('OBJLOG1505799834', 'OPERATELOG1505787453', null, null, 'FUNC1508141166', '测试', '{\"funcAction\":\"231\",\"funcCode\":\"31312312\",\"funcDesc\":\"2312\",\"funcName\":\"测试\",\"funcType\":\"1\",\"guid\":\"FUNC1508141166\",\"guidBhvtypeDef\":\"BHVTYPEDEF1507621469\",\"guidFuncgroup\":\"FUNCGROUP1506175723\",\"ischeck\":\"N\",\"ismenu\":\"Y\",\"paraInfo\":\"31\"}');
INSERT INTO `LOG_ABF_HISTORY` VALUES ('OBJLOG1505799835', 'OPERATELOG1505787454', null, null, 'FUNC1508141166', '测试121', '{\"funcAction\":\"231\",\"funcCode\":\"31312312\",\"funcDesc\":\"2312\",\"funcName\":\"测试121\",\"funcType\":\"1\",\"guid\":\"FUNC1508141166\",\"guidBhvtypeDef\":\"BHVTYPEDEF1507621469\",\"guidFuncgroup\":\"FUNCGROUP1506175723\",\"ischeck\":\"N\",\"ismenu\":\"Y\",\"paraInfo\":\"31\"}');
INSERT INTO `LOG_ABF_HISTORY` VALUES ('OBJLOG1505799836', 'OPERATELOG1505787455', null, null, 'FUNC1508141166', '测试121', '{\"funcAction\":\"231\",\"funcCode\":\"313123121231312\",\"funcDesc\":\"2312\",\"funcName\":\"测试121\",\"funcType\":\"1\",\"guid\":\"FUNC1508141166\",\"guidBhvtypeDef\":\"BHVTYPEDEF1507621469\",\"guidFuncgroup\":\"FUNCGROUP1506175723\",\"ischeck\":\"N\",\"ismenu\":\"Y\",\"paraInfo\":\"3112\"}');
INSERT INTO `LOG_ABF_HISTORY` VALUES ('OBJLOG1505799837', 'OPERATELOG1505787456', null, null, 'FUNC1508141166', '测试', '{\"funcAction\":\"231\",\"funcCode\":\"313123121231312\",\"funcDesc\":\"2312\",\"funcName\":\"测试\",\"funcType\":\"1\",\"guid\":\"FUNC1508141166\",\"guidBhvtypeDef\":\"BHVTYPEDEF1507621469\",\"guidFuncgroup\":\"FUNCGROUP1506175723\",\"ischeck\":\"N\",\"ismenu\":\"Y\",\"paraInfo\":\"3112\"}');
INSERT INTO `LOG_ABF_HISTORY` VALUES ('OBJLOG1505799838', 'OPERATELOG1505787457', null, null, 'FUNC1508141166', '测试12', '{\"funcAction\":\"231\",\"funcCode\":\"31\",\"funcDesc\":\"2312\",\"funcName\":\"测试12\",\"funcType\":\"1\",\"guid\":\"FUNC1508141166\",\"guidBhvtypeDef\":\"BHVTYPEDEF1507621469\",\"guidFuncgroup\":\"FUNCGROUP1506175723\",\"ischeck\":\"N\",\"ismenu\":\"Y\",\"paraInfo\":\"3112\"}');
INSERT INTO `LOG_ABF_HISTORY` VALUES ('OBJLOG1505799839', 'OPERATELOG1505787458', null, null, 'FUNC1508141166', '测试', '{\"funcAction\":\"231\",\"funcCode\":\"123\",\"funcDesc\":\"2312\",\"funcName\":\"测试\",\"funcType\":\"1\",\"guid\":\"FUNC1508141166\",\"guidBhvtypeDef\":\"BHVTYPEDEF1507621469\",\"guidFuncgroup\":\"FUNCGROUP1506175723\",\"ischeck\":\"N\",\"ismenu\":\"Y\",\"paraInfo\":\"3112\"}');
INSERT INTO `LOG_ABF_HISTORY` VALUES ('OBJLOG1505799840', 'OPERATELOG1505787459', null, null, 'admin', '系统管理员', '{\"authMode\":\"password\",\"errCount\":0,\"guid\":\"111\",\"lastLogin\":1508328421540,\"lockLimit\":5,\"lockTime\":1502429890000,\"menuType\":\"default\",\"operatorName\":\"系统管理员\",\"operatorStatus\":\"login\",\"userId\":\"admin\"}');
INSERT INTO `LOG_ABF_HISTORY` VALUES ('OBJLOG1505799841', 'OPERATELOG1505787460', null, null, 'FUNC1508141166', '测试1', '{\"funcAction\":\"231\",\"funcCode\":\"123\",\"funcDesc\":\"2312\",\"funcName\":\"测试1\",\"funcType\":\"1\",\"guid\":\"FUNC1508141166\",\"guidBhvtypeDef\":\"BHVTYPEDEF1507621469\",\"guidFuncgroup\":\"FUNCGROUP1506175723\",\"ischeck\":\"N\",\"ismenu\":\"Y\",\"paraInfo\":\"3112\"}');
INSERT INTO `LOG_ABF_HISTORY` VALUES ('OBJLOG1505799842', 'OPERATELOG1505787461', null, null, 'FUNC1508141166', '测试', '{\"funcAction\":\"231\",\"funcCode\":\"123\",\"funcDesc\":\"2312\",\"funcName\":\"测试\",\"funcType\":\"1\",\"guid\":\"FUNC1508141166\",\"guidBhvtypeDef\":\"BHVTYPEDEF1507621469\",\"guidFuncgroup\":\"FUNCGROUP1506175723\",\"ischeck\":\"N\",\"ismenu\":\"Y\",\"paraInfo\":\"3112\"}');
INSERT INTO `LOG_ABF_HISTORY` VALUES ('OBJLOG1505799843', 'OPERATELOG1505787462', null, null, 'FUNC1508141166', '测试12', '{\"funcAction\":\"231\",\"funcCode\":\"12311\",\"funcDesc\":\"2312\",\"funcName\":\"测试12\",\"funcType\":\"1\",\"guid\":\"FUNC1508141166\",\"guidBhvtypeDef\":\"BHVTYPEDEF1507621469\",\"guidFuncgroup\":\"FUNCGROUP1506175723\",\"ischeck\":\"N\",\"ismenu\":\"Y\",\"paraInfo\":\"3112\"}');
INSERT INTO `LOG_ABF_HISTORY` VALUES ('OBJLOG1505799844', 'OPERATELOG1505787463', null, null, 'FUNC1508141166', '测试121', '{\"funcAction\":\"231\",\"funcCode\":\"12311\",\"funcDesc\":\"2312\",\"funcName\":\"测试121\",\"funcType\":\"1\",\"guid\":\"FUNC1508141166\",\"guidBhvtypeDef\":\"BHVTYPEDEF1507621469\",\"guidFuncgroup\":\"FUNCGROUP1506175723\",\"ischeck\":\"N\",\"ismenu\":\"Y\",\"paraInfo\":\"3112\"}');
INSERT INTO `LOG_ABF_HISTORY` VALUES ('OBJLOG1505799845', 'OPERATELOG1505787464', null, null, 'FUNC1508141166', '测试', '{\"funcAction\":\"231\",\"funcCode\":\"12311\",\"funcDesc\":\"2312\",\"funcName\":\"测试\",\"funcType\":\"1\",\"guid\":\"FUNC1508141166\",\"guidBhvtypeDef\":\"BHVTYPEDEF1507621469\",\"guidFuncgroup\":\"FUNCGROUP1506175723\",\"ischeck\":\"N\",\"ismenu\":\"Y\",\"paraInfo\":\"3112\"}');
INSERT INTO `LOG_ABF_HISTORY` VALUES ('OBJLOG1505799846', 'OPERATELOG1505787465', null, null, 'FUNC1508141166', '测试12321', '{\"funcAction\":\"231\",\"funcCode\":\"12311\",\"funcDesc\":\"2312\",\"funcName\":\"测试12321\",\"funcType\":\"1\",\"guid\":\"FUNC1508141166\",\"guidBhvtypeDef\":\"BHVTYPEDEF1507621469\",\"guidFuncgroup\":\"FUNCGROUP1506175723\",\"ischeck\":\"N\",\"ismenu\":\"Y\",\"paraInfo\":\"3112\"}');
INSERT INTO `LOG_ABF_HISTORY` VALUES ('OBJLOG1505799847', 'OPERATELOG1505787466', null, null, 'FUNC1508141166', '测试', '{\"funcAction\":\"231\",\"funcCode\":\"12311\",\"funcDesc\":\"2312\",\"funcName\":\"测试\",\"funcType\":\"1\",\"guid\":\"FUNC1508141166\",\"guidBhvtypeDef\":\"BHVTYPEDEF1507621469\",\"guidFuncgroup\":\"FUNCGROUP1506175723\",\"ischeck\":\"N\",\"ismenu\":\"Y\",\"paraInfo\":\"3112\"}');
INSERT INTO `LOG_ABF_HISTORY` VALUES ('OBJLOG1505799848', 'OPERATELOG1505787470', null, null, 'FUNC1508141166', '测试22', '{\"funcAction\":\"231\",\"funcCode\":\"1233\",\"funcDesc\":\"2312\",\"funcName\":\"测试22\",\"funcType\":\"1\",\"guid\":\"FUNC1508141166\",\"guidBhvtypeDef\":\"BHVTYPEDEF1507621469\",\"guidFuncgroup\":\"FUNCGROUP1506175723\",\"ischeck\":\"N\",\"ismenu\":\"Y\",\"paraInfo\":\"3112\"}');
INSERT INTO `LOG_ABF_HISTORY` VALUES ('OBJLOG1505799849', 'OPERATELOG1505787472', null, null, 'admin', '系统管理员', '{\"authMode\":\"password\",\"errCount\":0,\"guid\":\"111\",\"lastLogin\":1508373677214,\"lockLimit\":5,\"lockTime\":1502429890000,\"menuType\":\"default\",\"operatorName\":\"系统管理员\",\"operatorStatus\":\"login\",\"userId\":\"admin\"}');
INSERT INTO `LOG_ABF_HISTORY` VALUES ('OBJLOG1505799850', 'OPERATELOG1505787473', null, null, 'FUNC1508141166', '测试', '{\"funcAction\":\"231\",\"funcCode\":\"121\",\"funcDesc\":\"2312\",\"funcName\":\"测试\",\"funcType\":\"1\",\"guid\":\"FUNC1508141166\",\"guidBhvtypeDef\":\"BHVTYPEDEF1507621469\",\"guidFuncgroup\":\"FUNCGROUP1506175723\",\"ischeck\":\"N\",\"ismenu\":\"Y\",\"paraInfo\":\"3112\"}');
INSERT INTO `LOG_ABF_HISTORY` VALUES ('OBJLOG1505799851', 'OPERATELOG1505787474', null, null, 'FUNC1508141166', '测试', '{\"funcAction\":\"嘚瑟\",\"funcCode\":\"121\",\"funcDesc\":\"2312\",\"funcName\":\"测试\",\"funcType\":\"1\",\"guid\":\"FUNC1508141166\",\"guidBhvtypeDef\":\"BHVTYPEDEF1507621469\",\"guidFuncgroup\":\"FUNCGROUP1506175723\",\"ischeck\":\"N\",\"ismenu\":\"Y\",\"paraInfo\":\"嘚瑟\"}');
INSERT INTO `LOG_ABF_HISTORY` VALUES ('OBJLOG1505799852', 'OPERATELOG1505787475', null, null, 'admin', '系统管理员', '{\"authMode\":\"password\",\"errCount\":0,\"guid\":\"111\",\"lastLogin\":1508379675543,\"lockLimit\":5,\"lockTime\":1502429890000,\"menuType\":\"default\",\"operatorName\":\"系统管理员\",\"operatorStatus\":\"login\",\"userId\":\"admin\"}');
INSERT INTO `LOG_ABF_HISTORY` VALUES ('OBJLOG1505799853', 'OPERATELOG1505787476', null, null, 'FUNC1508141166', '测试', '{\"funcAction\":\"嘚瑟\",\"funcCode\":\"121\",\"funcDesc\":\"2312\",\"funcName\":\"测试\",\"funcType\":\"1\",\"guid\":\"FUNC1508141166\",\"guidBhvtypeDef\":\"BHVTYPEDEF1507621469\",\"guidFuncgroup\":\"FUNCGROUP1506175723\",\"ischeck\":\"N\",\"ismenu\":\"Y\",\"paraInfo\":\"嘚瑟\"}');
INSERT INTO `LOG_ABF_HISTORY` VALUES ('OBJLOG1505799854', 'OPERATELOG1505787477', null, null, 'FUNC1508141166', '测试', '{\"funcAction\":\"ceshi12\",\"funcCode\":\"121\",\"funcDesc\":\"2312\",\"funcName\":\"测试\",\"funcType\":\"1\",\"guid\":\"FUNC1508141166\",\"guidBhvtypeDef\":\"BHVTYPEDEF1507621469\",\"guidFuncgroup\":\"FUNCGROUP1506175723\",\"ischeck\":\"N\",\"ismenu\":\"Y\",\"paraInfo\":\"ceshi12\"}');


INSERT INTO `LOG_ABF_KEYWORD` VALUES ('OBJLOG1505799782', 'guidApp', 'APP1499956132');
INSERT INTO `LOG_ABF_KEYWORD` VALUES ('OBJLOG1505799782', 'menuCode', 'MENU_INFO');
INSERT INTO `LOG_ABF_KEYWORD` VALUES ('OBJLOG1505799782', 'menuLabel', '其他管理');
INSERT INTO `LOG_ABF_KEYWORD` VALUES ('OBJLOG1505799783', 'guidApp', 'APP1499956132');
INSERT INTO `LOG_ABF_KEYWORD` VALUES ('OBJLOG1505799783', 'menuCode', '系统监控');
INSERT INTO `LOG_ABF_KEYWORD` VALUES ('OBJLOG1505799783', 'menuLabel', '系统监控');
INSERT INTO `LOG_ABF_KEYWORD` VALUES ('OBJLOG1505799806', 'funcCode', 'csasa12');
INSERT INTO `LOG_ABF_KEYWORD` VALUES ('OBJLOG1505799806', 'funcType', '0');
INSERT INTO `LOG_ABF_KEYWORD` VALUES ('OBJLOG1505799809', 'funcCode', '31312312');
INSERT INTO `LOG_ABF_KEYWORD` VALUES ('OBJLOG1505799809', 'funcType', '1');
INSERT INTO `LOG_ABF_KEYWORD` VALUES ('OBJLOG1505799810', 'funcCode', 'csasa12');
INSERT INTO `LOG_ABF_KEYWORD` VALUES ('OBJLOG1505799810', 'funcType', '0');
INSERT INTO `LOG_ABF_KEYWORD` VALUES ('OBJLOG1505799811', 'funcCode', '31312312');
INSERT INTO `LOG_ABF_KEYWORD` VALUES ('OBJLOG1505799811', 'funcType', '1');
INSERT INTO `LOG_ABF_KEYWORD` VALUES ('OBJLOG1505799812', 'funcCode', '31312312');
INSERT INTO `LOG_ABF_KEYWORD` VALUES ('OBJLOG1505799812', 'funcType', '1');
INSERT INTO `LOG_ABF_KEYWORD` VALUES ('OBJLOG1505799813', 'funcCode', '31312312');
INSERT INTO `LOG_ABF_KEYWORD` VALUES ('OBJLOG1505799813', 'funcType', '1');
INSERT INTO `LOG_ABF_KEYWORD` VALUES ('OBJLOG1505799814', 'funcCode', '31312312');
INSERT INTO `LOG_ABF_KEYWORD` VALUES ('OBJLOG1505799814', 'funcType', '1');
INSERT INTO `LOG_ABF_KEYWORD` VALUES ('OBJLOG1505799817', 'funcCode', 'csasa12');
INSERT INTO `LOG_ABF_KEYWORD` VALUES ('OBJLOG1505799817', 'funcType', '0');
INSERT INTO `LOG_ABF_KEYWORD` VALUES ('OBJLOG1505799822', 'funcCode', '31312312');
INSERT INTO `LOG_ABF_KEYWORD` VALUES ('OBJLOG1505799822', 'funcType', '1');
INSERT INTO `LOG_ABF_KEYWORD` VALUES ('OBJLOG1505799824', 'funcCode', '31312312');
INSERT INTO `LOG_ABF_KEYWORD` VALUES ('OBJLOG1505799824', 'funcType', '1');
INSERT INTO `LOG_ABF_KEYWORD` VALUES ('OBJLOG1505799825', 'funcCode', '31312312');
INSERT INTO `LOG_ABF_KEYWORD` VALUES ('OBJLOG1505799825', 'funcType', '1');
INSERT INTO `LOG_ABF_KEYWORD` VALUES ('OBJLOG1505799826', 'funcCode', '31312312');
INSERT INTO `LOG_ABF_KEYWORD` VALUES ('OBJLOG1505799826', 'funcType', '1');
INSERT INTO `LOG_ABF_KEYWORD` VALUES ('OBJLOG1505799827', 'funcCode', '31312312');
INSERT INTO `LOG_ABF_KEYWORD` VALUES ('OBJLOG1505799827', 'funcType', '1');
INSERT INTO `LOG_ABF_KEYWORD` VALUES ('OBJLOG1505799828', 'funcCode', '31312312');
INSERT INTO `LOG_ABF_KEYWORD` VALUES ('OBJLOG1505799828', 'funcType', '1');
INSERT INTO `LOG_ABF_KEYWORD` VALUES ('OBJLOG1505799830', 'funcCode', '31312312');
INSERT INTO `LOG_ABF_KEYWORD` VALUES ('OBJLOG1505799830', 'funcType', '1');
INSERT INTO `LOG_ABF_KEYWORD` VALUES ('OBJLOG1505799831', 'funcCode', '31312312');
INSERT INTO `LOG_ABF_KEYWORD` VALUES ('OBJLOG1505799831', 'funcType', '1');
INSERT INTO `LOG_ABF_KEYWORD` VALUES ('OBJLOG1505799832', 'funcCode', '31312312');
INSERT INTO `LOG_ABF_KEYWORD` VALUES ('OBJLOG1505799832', 'funcType', '1');
INSERT INTO `LOG_ABF_KEYWORD` VALUES ('OBJLOG1505799834', 'funcCode', '31312312');
INSERT INTO `LOG_ABF_KEYWORD` VALUES ('OBJLOG1505799834', 'funcType', '1');
INSERT INTO `LOG_ABF_KEYWORD` VALUES ('OBJLOG1505799835', 'funcCode', '31312312');
INSERT INTO `LOG_ABF_KEYWORD` VALUES ('OBJLOG1505799835', 'funcType', '1');
INSERT INTO `LOG_ABF_KEYWORD` VALUES ('OBJLOG1505799836', 'funcCode', '313123121231312');
INSERT INTO `LOG_ABF_KEYWORD` VALUES ('OBJLOG1505799836', 'funcType', '1');
INSERT INTO `LOG_ABF_KEYWORD` VALUES ('OBJLOG1505799837', 'funcCode', '313123121231312');
INSERT INTO `LOG_ABF_KEYWORD` VALUES ('OBJLOG1505799837', 'funcType', '1');
INSERT INTO `LOG_ABF_KEYWORD` VALUES ('OBJLOG1505799838', 'funcCode', '31');
INSERT INTO `LOG_ABF_KEYWORD` VALUES ('OBJLOG1505799838', 'funcType', '1');
INSERT INTO `LOG_ABF_KEYWORD` VALUES ('OBJLOG1505799839', 'funcCode', '123');
INSERT INTO `LOG_ABF_KEYWORD` VALUES ('OBJLOG1505799839', 'funcType', '1');
INSERT INTO `LOG_ABF_KEYWORD` VALUES ('OBJLOG1505799841', 'funcCode', '123');
INSERT INTO `LOG_ABF_KEYWORD` VALUES ('OBJLOG1505799841', 'funcType', '1');
INSERT INTO `LOG_ABF_KEYWORD` VALUES ('OBJLOG1505799842', 'funcCode', '123');
INSERT INTO `LOG_ABF_KEYWORD` VALUES ('OBJLOG1505799842', 'funcType', '1');
INSERT INTO `LOG_ABF_KEYWORD` VALUES ('OBJLOG1505799843', 'funcCode', '12311');
INSERT INTO `LOG_ABF_KEYWORD` VALUES ('OBJLOG1505799843', 'funcType', '1');
INSERT INTO `LOG_ABF_KEYWORD` VALUES ('OBJLOG1505799844', 'funcCode', '12311');
INSERT INTO `LOG_ABF_KEYWORD` VALUES ('OBJLOG1505799844', 'funcType', '1');
INSERT INTO `LOG_ABF_KEYWORD` VALUES ('OBJLOG1505799845', 'funcCode', '12311');
INSERT INTO `LOG_ABF_KEYWORD` VALUES ('OBJLOG1505799845', 'funcType', '1');
INSERT INTO `LOG_ABF_KEYWORD` VALUES ('OBJLOG1505799846', 'funcCode', '12311');
INSERT INTO `LOG_ABF_KEYWORD` VALUES ('OBJLOG1505799846', 'funcType', '1');
INSERT INTO `LOG_ABF_KEYWORD` VALUES ('OBJLOG1505799847', 'funcCode', '12311');
INSERT INTO `LOG_ABF_KEYWORD` VALUES ('OBJLOG1505799847', 'funcType', '1');
INSERT INTO `LOG_ABF_KEYWORD` VALUES ('OBJLOG1505799848', 'funcCode', '1233');
INSERT INTO `LOG_ABF_KEYWORD` VALUES ('OBJLOG1505799848', 'funcType', '1');
INSERT INTO `LOG_ABF_KEYWORD` VALUES ('OBJLOG1505799850', 'funcCode', '121');
INSERT INTO `LOG_ABF_KEYWORD` VALUES ('OBJLOG1505799850', 'funcType', '1');
INSERT INTO `LOG_ABF_KEYWORD` VALUES ('OBJLOG1505799851', 'funcCode', '121');
INSERT INTO `LOG_ABF_KEYWORD` VALUES ('OBJLOG1505799851', 'funcType', '1');
INSERT INTO `LOG_ABF_KEYWORD` VALUES ('OBJLOG1505799853', 'funcCode', '121');
INSERT INTO `LOG_ABF_KEYWORD` VALUES ('OBJLOG1505799853', 'funcType', '1');
INSERT INTO `LOG_ABF_KEYWORD` VALUES ('OBJLOG1505799854', 'funcCode', '121');
INSERT INTO `LOG_ABF_KEYWORD` VALUES ('OBJLOG1505799854', 'funcType', '1');


INSERT INTO `LOG_ABF_OPERATE` VALUES ('OPERATELOG1505787372', 'ABF', 'login', '2017-10-16', 'succ', null, '系统管理员', 'admin', null, null, null, null, '/AcAuthenticationController/login', null, '登录ABF');
INSERT INTO `LOG_ABF_OPERATE` VALUES ('OPERATELOG1505787383', 'ABF', 'login', '2017-10-16', 'succ', null, '系统管理员', 'admin', null, null, null, null, '/AcAuthenticationController/login', null, '登录ABF');
INSERT INTO `LOG_ABF_OPERATE` VALUES ('OPERATELOG1505787384', 'ABF', 'update', '2017-10-16', 'succ', null, '系统管理员', 'admin', null, null, null, null, '/AcMenuController/editMenu', null, '修改菜单');
INSERT INTO `LOG_ABF_OPERATE` VALUES ('OPERATELOG1505787385', 'ABF', 'update', '2017-10-16', 'succ', null, '系统管理员', 'admin', null, null, null, null, '/AcMenuController/editMenu', null, '修改菜单');
INSERT INTO `LOG_ABF_OPERATE` VALUES ('OPERATELOG1505787386', 'ABF', 'login', '2017-10-16', 'succ', null, '系统管理员', 'admin', null, null, null, null, '/AcAuthenticationController/login', null, '登录ABF');
INSERT INTO `LOG_ABF_OPERATE` VALUES ('OPERATELOG1505787387', 'ABF', 'add', '2017-10-16', 'succ', null, '系统管理员', 'admin', null, null, null, null, '/AcAppController/createAcFuncResource', null, '新增功能资源');
INSERT INTO `LOG_ABF_OPERATE` VALUES ('OPERATELOG1505787388', 'ABF', 'update', '2017-10-16', 'succ', null, '系统管理员', 'admin', null, null, null, null, '/AcAppController/updateAcFuncResource', null, '修改功能资源');
INSERT INTO `LOG_ABF_OPERATE` VALUES ('OPERATELOG1505787389', 'ABF', 'update', '2017-10-16', 'succ', null, '系统管理员', 'admin', null, null, null, null, '/AcAppController/updateAcFuncResource', null, '修改功能资源');
INSERT INTO `LOG_ABF_OPERATE` VALUES ('OPERATELOG1505787390', 'ABF', 'delete', '2017-10-16', 'succ', null, '系统管理员', 'admin', null, null, null, null, '/AcAppController/deleteAcFuncResource', null, '删除功能资源');
INSERT INTO `LOG_ABF_OPERATE` VALUES ('OPERATELOG1505787391', 'ABF', 'add', '2017-10-16', 'succ', null, '系统管理员', 'admin', null, null, null, null, '/AcAppController/createAcFuncResource', null, '新增功能资源');
INSERT INTO `LOG_ABF_OPERATE` VALUES ('OPERATELOG1505787392', 'ABF', 'update', '2017-10-16', 'succ', null, '系统管理员', 'admin', null, null, null, null, '/AcOperatorController/saveOperatorLog', null, '修改个人配置');
INSERT INTO `LOG_ABF_OPERATE` VALUES ('OPERATELOG1505787393', 'ABF', 'update', '2017-10-16', 'succ', null, '系统管理员', 'admin', null, null, null, null, '/AcOperatorController/saveOperatorLog', null, '修改个人配置');
INSERT INTO `LOG_ABF_OPERATE` VALUES ('OPERATELOG1505787394', 'ABF', 'update', '2017-10-16', 'succ', null, '系统管理员', 'admin', null, null, null, null, '/AcAppController/updateAcFuncResource', null, '修改功能资源');
INSERT INTO `LOG_ABF_OPERATE` VALUES ('OPERATELOG1505787395', 'ABF', 'login', '2017-10-16', 'succ', null, '系统管理员', 'admin', null, null, null, null, '/AcAuthenticationController/login', null, '登录ABF');
INSERT INTO `LOG_ABF_OPERATE` VALUES ('OPERATELOG1505787396', 'ABF', 'update', '2017-10-16', 'succ', null, '系统管理员', 'admin', null, null, null, null, '/AcAppController/updateAcFuncResource', null, '修改功能资源');
INSERT INTO `LOG_ABF_OPERATE` VALUES ('OPERATELOG1505787397', 'ABF', 'login', '2017-10-16', 'succ', null, '系统管理员', 'admin', null, null, null, null, '/AcAuthenticationController/login', null, '登录ABF');
INSERT INTO `LOG_ABF_OPERATE` VALUES ('OPERATELOG1505787398', 'ABF', 'add', '2017-10-16', 'succ', null, '系统管理员', 'admin', null, null, null, null, '/AcAppController/createAcFuncResource', null, '新增功能资源');
INSERT INTO `LOG_ABF_OPERATE` VALUES ('OPERATELOG1505787399', 'ABF', 'update', '2017-10-16', 'succ', null, '系统管理员', 'admin', null, null, null, null, '/AcAppController/updateAcFuncResource', null, '修改功能资源');
INSERT INTO `LOG_ABF_OPERATE` VALUES ('OPERATELOG1505787400', 'ABF', 'update', '2017-10-16', 'succ', null, '系统管理员', 'admin', null, null, null, null, '/AcAppController/updateAcFuncResource', null, '修改功能资源');
INSERT INTO `LOG_ABF_OPERATE` VALUES ('OPERATELOG1505787401', 'ABF', 'update', '2017-10-16', 'succ', null, '系统管理员', 'admin', null, null, null, null, '/AcAppController/updateAcFuncResource', null, '修改功能资源');
INSERT INTO `LOG_ABF_OPERATE` VALUES ('OPERATELOG1505787402', 'ABF', 'update', '2017-10-16', 'succ', null, '系统管理员', 'admin', null, null, null, null, '/AcAppController/updateAcFuncResource', null, '修改功能资源');
INSERT INTO `LOG_ABF_OPERATE` VALUES ('OPERATELOG1505787403', 'ABF', 'update', '2017-10-16', 'succ', null, '系统管理员', 'admin', null, null, null, null, '/AcAppController/updateAcFuncResource', null, '修改功能资源');
INSERT INTO `LOG_ABF_OPERATE` VALUES ('OPERATELOG1505787404', 'ABF', 'update', '2017-10-16', 'succ', null, '系统管理员', 'admin', null, null, null, null, '/AcAppController/updateAcFuncResource', null, '修改功能资源');
INSERT INTO `LOG_ABF_OPERATE` VALUES ('OPERATELOG1505787405', 'ABF', 'login', '2017-10-16', 'succ', null, '系统管理员', 'admin', null, null, null, null, '/AcAuthenticationController/login', null, '登录ABF');
INSERT INTO `LOG_ABF_OPERATE` VALUES ('OPERATELOG1505787406', 'ABF', 'login', '2017-10-16', 'succ', null, '系统管理员', 'admin', null, null, null, null, '/AcAuthenticationController/login', null, '登录ABF');
INSERT INTO `LOG_ABF_OPERATE` VALUES ('OPERATELOG1505787410', 'ABF', 'add', '2017-10-16', 'exception', null, '系统管理员', 'admin', null, null, null, null, '/AcAppController/acFuncAdd', 'JAVA.LANG.NULLPOINTEREXCEPTION\r\n	AT ORG.TIS.TOOLS.WEBAPP.CONTROLLER.AC.ACAPPCONTROLLER.ACFUNCADD(ACAPPCONTROLLER.JAVA:234)\r\n	AT ORG.TIS.TOOLS.WEBAPP.CONTROLLER.AC.ACAPPCONTROLLER$$FASTCLASSBYSPRINGCGLIB$$508ED2D.INVOKE(<GENERATED>)\r\n	AT ORG.SPRINGFRAMEWORK.CGLIB.PROXY.METHODPROXY.INVOKE(METHODPROXY.JAVA:204)\r\n	AT ORG.SPRINGFRAMEWORK.AOP.FRAMEWORK.CGLIBAOPPROXY$CGLIBMETHODINVOCATION.INVOKEJOINPOINT(CGLIBAOPPROXY.JAVA:720)\r\n	AT ORG.SPRINGFRAMEWORK.AOP.FRAMEWORK.REFLECTIVEMETHODINVOCATION.PROCEED(REFLECTIVEMETHODINVOCATION.JAVA:157)\r\n	AT ORG.SPRINGFRAMEWORK.AOP.FRAMEWORK.ADAPTER.METHODBEFOREADVICEINTERCEPTOR.INVOKE(METHODBEFOREADVICEINTERCEPTOR.JAVA:52)\r\n	AT ORG.SPRINGFRAMEWORK.AOP.FRAMEWORK.REFLECTIVEMETHODINVOCATION.PROCEED(REFLECTIVEMETHODINVOCATION.JAVA:168)\r\n	AT ORG.SPRINGFRAMEWORK.AOP.FRAMEWORK.ADAPTER.METHODBEFOREADVICEINTERCEPTOR.INVOKE(METHODBEFOREADVICEINTERCEPTOR.JAVA:52)\r\n	AT ORG.SPRINGFRAMEWORK.AOP.FRAMEWORK.REFLECTIVEMETHODINVOCATION.PROCEED(REFLECTIVEMETHODINVOCATION.JAVA:168)\r\n	AT ORG.SPRINGFRAMEWORK.AOP.FRAMEWORK.ADAPTER.AFTERRETURNINGADVICEINTERCEPTOR.INVOKE(AFTERRETURNINGADVICEINTERCEPTOR.JAVA:52)\r\n	AT ORG.SPRINGFRAMEWORK.AOP.FRAMEWORK.REFLECTIVEMETHODINVOCATION.PROCEED(REFLECTIVEMETHODINVOCATION.JAVA:168)\r\n	AT ORG.SPRINGFRAMEWORK.AOP.FRAMEWORK.ADAPTER.AFTERRETURNINGADVICEINTERCEPTOR.INVOKE(AFTERRETURNINGADVICEINTERCEPTOR.JAVA:52)\r\n	AT ORG.SPRINGFRAMEWORK.AOP.FRAMEWORK.REFLECTIVEMETHODINVOCATION.PROCEED(REFLECTIVEMETHODINVOCATION.JAVA:168)\r\n	AT ORG.SPRINGFRAMEWORK.AOP.ASPECTJ.ASPECTJAFTERTHROWINGADVICE.INVOKE(ASPECTJAFTERTHROWINGADVICE.JAVA:58)\r\n	AT ORG.SPRINGFRAMEWORK.AOP.FRAMEWORK.REFLECTIVEMETHODINVOCATION.PROCEED(REFLECTIVEMETHODINVOCATION.JAVA:168)\r\n	AT ORG.SPRINGFRAMEWORK.AOP.INTERCEPTOR.EXPOSEINVOCATIONINTERCEPTOR.INVOKE(EXPOSEINVOCATIONINTERCEPTOR.JAVA:92)\r\n	AT ORG.SPRINGFRAMEWORK.AOP.FRAMEWORK.REFLECTIVEMETHODINVOCATION.PROCEED(REFLECTIVEMETHODINVOCATION.JAVA:179)\r\n	AT ORG.SPRINGFRAMEWORK.AOP.FRAMEWORK.CGLIBAOPPROXY$DYNAMICADVISEDINTERCEPTOR.INTERCEPT(CGLIBAOPPROXY.JAVA:655)\r\n	AT ORG.TIS.TOOLS.WEBAPP.CONTROLLER.AC.ACAPPCONTROLLER$$ENHANCERBYSPRINGCGLIB$$5A774E57.ACFUNCADD(<GENERATED>)\r\n	AT SUN.REFLECT.NATIVEMETHODACCESSORIMPL.INVOKE0(NATIVE METHOD)\r\n	AT SUN.REFLECT.NATIVEMETHODACCESSORIMPL.INVOKE(NATIVEMETHODACCESSORIMPL.JAVA:62)\r\n	AT SUN.REFLECT.DELEGATINGMETHODACCESSORIMPL.INVOKE(DELEGATINGMETHODACCESSORIMPL.JAVA:43)\r\n	AT JAVA.LANG.REFLECT.METHOD.INVOKE(METHOD.JAVA:497)\r\n	AT ORG.SPRINGFRAMEWORK.WEB.METHOD.SUPPORT.INVOCABLEHANDLERMETHOD.DOINVOKE(INVOCABLEHANDLERMETHOD.JAVA:222)\r\n	AT ORG.SPRINGFRAMEWORK.WEB.METHOD.SUPPORT.INVOCABLEHANDLERMETHOD.INVOKEFORREQUEST(INVOCABLEHANDLERMETHOD.JAVA:137)\r\n	AT ORG.SPRINGFRAMEWORK.WEB.SERVLET.MVC.METHOD.ANNOTATION.SERVLETINVOCABLEHANDLERMETHOD.INVOKEANDHANDLE(SERVLETINVOCABLEHANDLERMETHOD.JAVA:110)\r\n	AT ORG.SPRINGFRAMEWORK.WEB.SERVLET.MVC.METHOD.ANNOTATION.REQUESTMAPPINGHANDLERADAPTER.INVOKEHANDLERMETHOD(REQUESTMAPPINGHANDLERADAPTER.JAVA:814)\r\n	AT ORG.SPRINGFRAMEWORK.WEB.SERVLET.MVC.METHOD.ANNOTATION.REQUESTMAPPINGHANDLERADAPTER.HANDLEINTERNAL(REQUESTMAPPINGHANDLERADAPTER.JAVA:737)\r\n	AT ORG.SPRINGFRAMEWORK.WEB.SERVLET.MVC.METHOD.ABSTRACTHANDLERMETHODADAPTER.HANDLE(ABSTRACTHANDLERMETHODADAPTER.JAVA:85)\r\n	AT ORG.SPRINGFRAMEWORK.WEB.SERVLET.DISPATCHERSERVLET.DODISPATCH(DISPATCHERSERVLET.JAVA:959)\r\n	AT ORG.SPRINGFRAMEWORK.WEB.SERVLET.DISPATCHERSERVLET.DOSERVICE(DISPATCHERSERVLET.JAVA:893)\r\n	AT ORG.SPRINGFRAMEWORK.WEB.SERVLET.FRAMEWORKSERVLET.PROCESSREQUEST(FRAMEWORKSERVLET.JAVA:969)\r\n	AT ORG.SPRINGFRAMEWORK.WEB.SERVLET.FRAMEWORKSERVLET.DOPOST(FRAMEWORKSERVLET.JAVA:871)\r\n	AT JAVAX.SERVLET.HTTP.HTTPSERVLET.SERVICE(HTTPSERVLET.JAVA:647)\r\n	AT ORG.SPRINGFRAMEWORK.WEB.SERVLET.FRAMEWORKSERVLET.SERVICE(FRAMEWORKSERVLET.JAVA:845)\r\n	AT JAVAX.SERVLET.HTTP.HTTPSERVLET.SERVICE(HTTPSERVLET.JAVA:728)\r\n	AT ORG.APACHE.CATALINA.CORE.APPLICATIONFILTERCHAIN.INTERNALDOFILTER(APPLICATIONFILTERCHAIN.JAVA:305)\r\n	AT ORG.APACHE.CATALINA.CORE.APPLICATIONFILTERCHAIN.DOFILTER(APPLICATIONFILTERCHAIN.JAVA:210)\r\n	AT COM.OPENSYMPHONY.SITEMESH.WEBAPP.SITEMESHFILTER.DOFILTER(SITEMESHFILTER.JAVA:59)\r\n	AT ORG.APACHE.CATALINA.CORE.APPLICATIONFILTERCHAIN.INTERNALDOFILTER(APPLICATIONFILTERCHAIN.JAVA:243)\r\n	AT ORG.APACHE.CATALINA.CORE.APPLICATIONFILTERCHAIN.DOFILTER(APPLICATIONFILTERCHAIN.JAVA:210)\r\n	AT ORG.APACHE.CATALINA.CORE.APPLICATIONDISPATCHER.INVOKE(APPLICATIONDISPATCHER.JAVA:749)\r\n	AT ORG.APACHE.CATALINA.CORE.APPLICATIONDISPATCHER.PROCESSREQUEST(APPLICATIONDISPATCHER.JAVA:487)\r\n	AT ORG.APACHE.CATALINA.CORE.APPLICATIONDISPATCHER.DOFORWARD(APPLICATIONDISPATCHER.JAVA:412)\r\n	AT ORG.APACHE.CATALINA.CORE.APPLICATIONDISPATCHER.FORWARD(APPLICATIONDISPATCHER.JAVA:339)\r\n	AT ORG.TUCKEY.WEB.FILTERS.URLREWRITE.NORMALREWRITTENURL.DOREWRITE(NORMALREWRITTENURL.JAVA:195)\r\n	AT ORG.TUCKEY.WEB.FILTERS.URLREWRITE.RULECHAIN.HANDLEREWRITE(RULECHAIN.JAVA:159)\r\n	AT ORG.TUCKEY.WEB.FILTERS.URLREWRITE.RULECHAIN.DORULES(RULECHAIN.JAVA:141)\r\n	AT ORG.TUCKEY.WEB.FILTERS.URLREWRITE.URLREWRITER.PROCESSREQUEST(URLREWRITER.JAVA:90)\r\n	AT ORG.TUCKEY.WEB.FILTERS.URLREWRITE.URLREWRITEFILTER.DOFILTER(URLREWRITEFILTER.JAVA:417)\r\n	AT ORG.APACHE.CATALINA.CORE.APPLICATIONFILTERCHAIN.INTERNALDOFILTER(APPLICATIONFILTERCHAIN.JAVA:243)\r\n	AT ORG.APACHE.CATALINA.CORE.APPLICATIONFILTERCHAIN.DOFILTER(APPLICATIONFILTERCHAIN.JAVA:210)\r\n	AT ORG.SPRINGFRAMEWORK.WEB.FILTER.CHARACTERENCODINGFILTER.DOFILTERINTERNAL(CHARACTERENCODINGFILTER.JAVA:121)\r\n	AT ORG.SPRINGFRAMEWORK.WEB.FILTER.ONCEPERREQUESTFILTER.DOFILTER(ONCEPERREQUESTFILTER.JAVA:107)\r\n	AT ORG.APACHE.CATALINA.CORE.APPLICATIONFILTERCHAIN.INTERNALDOFILTER(APPLICATIONFILTERCHAIN.JAVA:243)\r\n	AT ORG.APACHE.CATALINA.CORE.APPLICATIONFILTERCHAIN.DOFILTER(APPLICATIONFILTERCHAIN.JAVA:210)\r\n	AT COM.OPENSYMPHONY.SITEMESH.WEBAPP.SITEMESHFILTER.DOFILTER(SITEMESHFILTER.JAVA:65)\r\n	AT ORG.APACHE.CATALINA.CORE.APPLICATIONFILTERCHAIN.INTERNALDOFILTER(APPLICATIONFILTERCHAIN.JAVA:243)\r\n	AT ORG.APACHE.CATALINA.CORE.APPLICATIONFILTERCHAIN.DOFILTER(APPLICATIONFILTERCHAIN.JAVA:210)\r\n	AT ORG.APACHE.CATALINA.CORE.STANDARDWRAPPERVALVE.INVOKE(STANDARDWRAPPERVALVE.JAVA:222)\r\n	AT ORG.APACHE.CATALINA.CORE.STANDARDCONTEXTVALVE.INVOKE(STANDARDCONTEXTVALVE.JAVA:123)\r\n	AT ORG.APACHE.CATALINA.AUTHENTICATOR.AUTHENTICATORBASE.INVOKE(AUTHENTICATORBASE.JAVA:472)\r\n	AT ORG.APACHE.CATALINA.CORE.STANDARDHOSTVALVE.INVOKE(STANDARDHOSTVALVE.JAVA:171)\r\n	AT ORG.APACHE.CATALINA.VALVES.ERRORREPORTVALVE.INVOKE(ERRORREPORTVALVE.JAVA:99)\r\n	AT ORG.APACHE.CATALINA.VALVES.ACCESSLOGVALVE.INVOKE(ACCESSLOGVALVE.JAVA:936)\r\n	AT ORG.APACHE.CATALINA.CORE.STANDARDENGINEVALVE.INVOKE(STANDARDENGINEVALVE.JAVA:118)\r\n	AT ORG.APACHE.CATALINA.CONNECTOR.COYOTEADAPTER.SERVICE(COYOTEADAPTER.JAVA:407)\r\n	AT ORG.APACHE.COYOTE.HTTP11.ABSTRACTHTTP11PROCESSOR.PROCESS(ABSTRACTHTTP11PROCESSOR.JAVA:1004)\r\n	AT ORG.APACHE.COYOTE.ABSTRACTPROTOCOL$ABSTRACTCONNECTIONHANDLER.PROCESS(ABSTRACTPROTOCOL.JAVA:589)\r\n	AT ORG.APACHE.TOMCAT.UTIL.NET.JIOENDPOINT$SOCKETPROCESSOR.RUN(JIOENDPOINT.JAVA:310)\r\n	AT JAVA.UTIL.CONCURRENT.THREADPOOLEXECUTOR.RUNWORKER(THREADPOOLEXECUTOR.JAVA:1142)\r\n	AT JAVA.UTIL.CONCURRENT.THREADPOOLEXECUTOR$WORKER.RUN(THREADPOOLEXECUTOR.JAVA:617)\r\n	AT JAVA.LANG.THREAD.RUN(THREAD.JAVA:745)', '新增功能');
INSERT INTO `LOG_ABF_OPERATE` VALUES ('OPERATELOG1505787411', 'ABF', 'add', '2017-10-16', 'exception', null, '系统管理员', 'admin', null, null, null, null, '/AcAppController/acFuncAdd', 'JAVA.LANG.NULLPOINTEREXCEPTION\r\n	AT ORG.TIS.TOOLS.WEBAPP.CONTROLLER.AC.ACAPPCONTROLLER.ACFUNCADD(ACAPPCONTROLLER.JAVA:234)\r\n	AT ORG.TIS.TOOLS.WEBAPP.CONTROLLER.AC.ACAPPCONTROLLER$$FASTCLASSBYSPRINGCGLIB$$508ED2D.INVOKE(<GENERATED>)\r\n	AT ORG.SPRINGFRAMEWORK.CGLIB.PROXY.METHODPROXY.INVOKE(METHODPROXY.JAVA:204)\r\n	AT ORG.SPRINGFRAMEWORK.AOP.FRAMEWORK.CGLIBAOPPROXY$CGLIBMETHODINVOCATION.INVOKEJOINPOINT(CGLIBAOPPROXY.JAVA:720)\r\n	AT ORG.SPRINGFRAMEWORK.AOP.FRAMEWORK.REFLECTIVEMETHODINVOCATION.PROCEED(REFLECTIVEMETHODINVOCATION.JAVA:157)\r\n	AT ORG.SPRINGFRAMEWORK.AOP.FRAMEWORK.ADAPTER.METHODBEFOREADVICEINTERCEPTOR.INVOKE(METHODBEFOREADVICEINTERCEPTOR.JAVA:52)\r\n	AT ORG.SPRINGFRAMEWORK.AOP.FRAMEWORK.REFLECTIVEMETHODINVOCATION.PROCEED(REFLECTIVEMETHODINVOCATION.JAVA:168)\r\n	AT ORG.SPRINGFRAMEWORK.AOP.FRAMEWORK.ADAPTER.METHODBEFOREADVICEINTERCEPTOR.INVOKE(METHODBEFOREADVICEINTERCEPTOR.JAVA:52)\r\n	AT ORG.SPRINGFRAMEWORK.AOP.FRAMEWORK.REFLECTIVEMETHODINVOCATION.PROCEED(REFLECTIVEMETHODINVOCATION.JAVA:168)\r\n	AT ORG.SPRINGFRAMEWORK.AOP.FRAMEWORK.ADAPTER.AFTERRETURNINGADVICEINTERCEPTOR.INVOKE(AFTERRETURNINGADVICEINTERCEPTOR.JAVA:52)\r\n	AT ORG.SPRINGFRAMEWORK.AOP.FRAMEWORK.REFLECTIVEMETHODINVOCATION.PROCEED(REFLECTIVEMETHODINVOCATION.JAVA:168)\r\n	AT ORG.SPRINGFRAMEWORK.AOP.FRAMEWORK.ADAPTER.AFTERRETURNINGADVICEINTERCEPTOR.INVOKE(AFTERRETURNINGADVICEINTERCEPTOR.JAVA:52)\r\n	AT ORG.SPRINGFRAMEWORK.AOP.FRAMEWORK.REFLECTIVEMETHODINVOCATION.PROCEED(REFLECTIVEMETHODINVOCATION.JAVA:168)\r\n	AT ORG.SPRINGFRAMEWORK.AOP.ASPECTJ.ASPECTJAFTERTHROWINGADVICE.INVOKE(ASPECTJAFTERTHROWINGADVICE.JAVA:58)\r\n	AT ORG.SPRINGFRAMEWORK.AOP.FRAMEWORK.REFLECTIVEMETHODINVOCATION.PROCEED(REFLECTIVEMETHODINVOCATION.JAVA:168)\r\n	AT ORG.SPRINGFRAMEWORK.AOP.INTERCEPTOR.EXPOSEINVOCATIONINTERCEPTOR.INVOKE(EXPOSEINVOCATIONINTERCEPTOR.JAVA:92)\r\n	AT ORG.SPRINGFRAMEWORK.AOP.FRAMEWORK.REFLECTIVEMETHODINVOCATION.PROCEED(REFLECTIVEMETHODINVOCATION.JAVA:179)\r\n	AT ORG.SPRINGFRAMEWORK.AOP.FRAMEWORK.CGLIBAOPPROXY$DYNAMICADVISEDINTERCEPTOR.INTERCEPT(CGLIBAOPPROXY.JAVA:655)\r\n	AT ORG.TIS.TOOLS.WEBAPP.CONTROLLER.AC.ACAPPCONTROLLER$$ENHANCERBYSPRINGCGLIB$$5A774E57.ACFUNCADD(<GENERATED>)\r\n	AT SUN.REFLECT.NATIVEMETHODACCESSORIMPL.INVOKE0(NATIVE METHOD)\r\n	AT SUN.REFLECT.NATIVEMETHODACCESSORIMPL.INVOKE(NATIVEMETHODACCESSORIMPL.JAVA:62)\r\n	AT SUN.REFLECT.DELEGATINGMETHODACCESSORIMPL.INVOKE(DELEGATINGMETHODACCESSORIMPL.JAVA:43)\r\n	AT JAVA.LANG.REFLECT.METHOD.INVOKE(METHOD.JAVA:497)\r\n	AT ORG.SPRINGFRAMEWORK.WEB.METHOD.SUPPORT.INVOCABLEHANDLERMETHOD.DOINVOKE(INVOCABLEHANDLERMETHOD.JAVA:222)\r\n	AT ORG.SPRINGFRAMEWORK.WEB.METHOD.SUPPORT.INVOCABLEHANDLERMETHOD.INVOKEFORREQUEST(INVOCABLEHANDLERMETHOD.JAVA:137)\r\n	AT ORG.SPRINGFRAMEWORK.WEB.SERVLET.MVC.METHOD.ANNOTATION.SERVLETINVOCABLEHANDLERMETHOD.INVOKEANDHANDLE(SERVLETINVOCABLEHANDLERMETHOD.JAVA:110)\r\n	AT ORG.SPRINGFRAMEWORK.WEB.SERVLET.MVC.METHOD.ANNOTATION.REQUESTMAPPINGHANDLERADAPTER.INVOKEHANDLERMETHOD(REQUESTMAPPINGHANDLERADAPTER.JAVA:814)\r\n	AT ORG.SPRINGFRAMEWORK.WEB.SERVLET.MVC.METHOD.ANNOTATION.REQUESTMAPPINGHANDLERADAPTER.HANDLEINTERNAL(REQUESTMAPPINGHANDLERADAPTER.JAVA:737)\r\n	AT ORG.SPRINGFRAMEWORK.WEB.SERVLET.MVC.METHOD.ABSTRACTHANDLERMETHODADAPTER.HANDLE(ABSTRACTHANDLERMETHODADAPTER.JAVA:85)\r\n	AT ORG.SPRINGFRAMEWORK.WEB.SERVLET.DISPATCHERSERVLET.DODISPATCH(DISPATCHERSERVLET.JAVA:959)\r\n	AT ORG.SPRINGFRAMEWORK.WEB.SERVLET.DISPATCHERSERVLET.DOSERVICE(DISPATCHERSERVLET.JAVA:893)\r\n	AT ORG.SPRINGFRAMEWORK.WEB.SERVLET.FRAMEWORKSERVLET.PROCESSREQUEST(FRAMEWORKSERVLET.JAVA:969)\r\n	AT ORG.SPRINGFRAMEWORK.WEB.SERVLET.FRAMEWORKSERVLET.DOPOST(FRAMEWORKSERVLET.JAVA:871)\r\n	AT JAVAX.SERVLET.HTTP.HTTPSERVLET.SERVICE(HTTPSERVLET.JAVA:647)\r\n	AT ORG.SPRINGFRAMEWORK.WEB.SERVLET.FRAMEWORKSERVLET.SERVICE(FRAMEWORKSERVLET.JAVA:845)\r\n	AT JAVAX.SERVLET.HTTP.HTTPSERVLET.SERVICE(HTTPSERVLET.JAVA:728)\r\n	AT ORG.APACHE.CATALINA.CORE.APPLICATIONFILTERCHAIN.INTERNALDOFILTER(APPLICATIONFILTERCHAIN.JAVA:305)\r\n	AT ORG.APACHE.CATALINA.CORE.APPLICATIONFILTERCHAIN.DOFILTER(APPLICATIONFILTERCHAIN.JAVA:210)\r\n	AT COM.OPENSYMPHONY.SITEMESH.WEBAPP.SITEMESHFILTER.DOFILTER(SITEMESHFILTER.JAVA:59)\r\n	AT ORG.APACHE.CATALINA.CORE.APPLICATIONFILTERCHAIN.INTERNALDOFILTER(APPLICATIONFILTERCHAIN.JAVA:243)\r\n	AT ORG.APACHE.CATALINA.CORE.APPLICATIONFILTERCHAIN.DOFILTER(APPLICATIONFILTERCHAIN.JAVA:210)\r\n	AT ORG.APACHE.CATALINA.CORE.APPLICATIONDISPATCHER.INVOKE(APPLICATIONDISPATCHER.JAVA:749)\r\n	AT ORG.APACHE.CATALINA.CORE.APPLICATIONDISPATCHER.PROCESSREQUEST(APPLICATIONDISPATCHER.JAVA:487)\r\n	AT ORG.APACHE.CATALINA.CORE.APPLICATIONDISPATCHER.DOFORWARD(APPLICATIONDISPATCHER.JAVA:412)\r\n	AT ORG.APACHE.CATALINA.CORE.APPLICATIONDISPATCHER.FORWARD(APPLICATIONDISPATCHER.JAVA:339)\r\n	AT ORG.TUCKEY.WEB.FILTERS.URLREWRITE.NORMALREWRITTENURL.DOREWRITE(NORMALREWRITTENURL.JAVA:195)\r\n	AT ORG.TUCKEY.WEB.FILTERS.URLREWRITE.RULECHAIN.HANDLEREWRITE(RULECHAIN.JAVA:159)\r\n	AT ORG.TUCKEY.WEB.FILTERS.URLREWRITE.RULECHAIN.DORULES(RULECHAIN.JAVA:141)\r\n	AT ORG.TUCKEY.WEB.FILTERS.URLREWRITE.URLREWRITER.PROCESSREQUEST(URLREWRITER.JAVA:90)\r\n	AT ORG.TUCKEY.WEB.FILTERS.URLREWRITE.URLREWRITEFILTER.DOFILTER(URLREWRITEFILTER.JAVA:417)\r\n	AT ORG.APACHE.CATALINA.CORE.APPLICATIONFILTERCHAIN.INTERNALDOFILTER(APPLICATIONFILTERCHAIN.JAVA:243)\r\n	AT ORG.APACHE.CATALINA.CORE.APPLICATIONFILTERCHAIN.DOFILTER(APPLICATIONFILTERCHAIN.JAVA:210)\r\n	AT ORG.SPRINGFRAMEWORK.WEB.FILTER.CHARACTERENCODINGFILTER.DOFILTERINTERNAL(CHARACTERENCODINGFILTER.JAVA:121)\r\n	AT ORG.SPRINGFRAMEWORK.WEB.FILTER.ONCEPERREQUESTFILTER.DOFILTER(ONCEPERREQUESTFILTER.JAVA:107)\r\n	AT ORG.APACHE.CATALINA.CORE.APPLICATIONFILTERCHAIN.INTERNALDOFILTER(APPLICATIONFILTERCHAIN.JAVA:243)\r\n	AT ORG.APACHE.CATALINA.CORE.APPLICATIONFILTERCHAIN.DOFILTER(APPLICATIONFILTERCHAIN.JAVA:210)\r\n	AT COM.OPENSYMPHONY.SITEMESH.WEBAPP.SITEMESHFILTER.DOFILTER(SITEMESHFILTER.JAVA:65)\r\n	AT ORG.APACHE.CATALINA.CORE.APPLICATIONFILTERCHAIN.INTERNALDOFILTER(APPLICATIONFILTERCHAIN.JAVA:243)\r\n	AT ORG.APACHE.CATALINA.CORE.APPLICATIONFILTERCHAIN.DOFILTER(APPLICATIONFILTERCHAIN.JAVA:210)\r\n	AT ORG.APACHE.CATALINA.CORE.STANDARDWRAPPERVALVE.INVOKE(STANDARDWRAPPERVALVE.JAVA:222)\r\n	AT ORG.APACHE.CATALINA.CORE.STANDARDCONTEXTVALVE.INVOKE(STANDARDCONTEXTVALVE.JAVA:123)\r\n	AT ORG.APACHE.CATALINA.AUTHENTICATOR.AUTHENTICATORBASE.INVOKE(AUTHENTICATORBASE.JAVA:472)\r\n	AT ORG.APACHE.CATALINA.CORE.STANDARDHOSTVALVE.INVOKE(STANDARDHOSTVALVE.JAVA:171)\r\n	AT ORG.APACHE.CATALINA.VALVES.ERRORREPORTVALVE.INVOKE(ERRORREPORTVALVE.JAVA:99)\r\n	AT ORG.APACHE.CATALINA.VALVES.ACCESSLOGVALVE.INVOKE(ACCESSLOGVALVE.JAVA:936)\r\n	AT ORG.APACHE.CATALINA.CORE.STANDARDENGINEVALVE.INVOKE(STANDARDENGINEVALVE.JAVA:118)\r\n	AT ORG.APACHE.CATALINA.CONNECTOR.COYOTEADAPTER.SERVICE(COYOTEADAPTER.JAVA:407)\r\n	AT ORG.APACHE.COYOTE.HTTP11.ABSTRACTHTTP11PROCESSOR.PROCESS(ABSTRACTHTTP11PROCESSOR.JAVA:1004)\r\n	AT ORG.APACHE.COYOTE.ABSTRACTPROTOCOL$ABSTRACTCONNECTIONHANDLER.PROCESS(ABSTRACTPROTOCOL.JAVA:589)\r\n	AT ORG.APACHE.TOMCAT.UTIL.NET.JIOENDPOINT$SOCKETPROCESSOR.RUN(JIOENDPOINT.JAVA:312)\r\n	AT JAVA.UTIL.CONCURRENT.THREADPOOLEXECUTOR.RUNWORKER(THREADPOOLEXECUTOR.JAVA:1142)\r\n	AT JAVA.UTIL.CONCURRENT.THREADPOOLEXECUTOR$WORKER.RUN(THREADPOOLEXECUTOR.JAVA:617)\r\n	AT JAVA.LANG.THREAD.RUN(THREAD.JAVA:745)', '新增功能');
INSERT INTO `LOG_ABF_OPERATE` VALUES ('OPERATELOG1505787412', 'ABF', 'login', '2017-10-16', 'fail', null, '', 'admin', null, null, null, null, '/AcAuthenticationController/login', 'PARAM \'IDENTITYGUID\' NOT ALLOW EMPTY!', '登录ABF');
INSERT INTO `LOG_ABF_OPERATE` VALUES ('OPERATELOG1505787413', 'ABF', 'login', '2017-10-16', 'succ', null, '系统管理员', 'admin', null, null, null, null, '/AcAuthenticationController/login', null, '登录ABF');
INSERT INTO `LOG_ABF_OPERATE` VALUES ('OPERATELOG1505787414', 'ABF', 'add', '2017-10-16', 'fail', null, '系统管理员', 'admin', null, null, null, null, '/AcAppController/acFuncAdd', 'LACK \'GUIDFUNCGROUP\', WHEN INSERT \'AC_FUNC\'!\r\n	AT ORG.TIS.TOOLS.RSERVICE.AC.CAPABLE.APPLICATIONRSERVICEIMPL.CREATEACFUNC(APPLICATIONRSERVICEIMPL.JAVA:493)\r\n	AT COM.ALIBABA.DUBBO.COMMON.BYTECODE.WRAPPER1.INVOKEMETHOD(WRAPPER1.JAVA)\r\n	AT COM.ALIBABA.DUBBO.RPC.PROXY.JAVASSIST.JAVASSISTPROXYFACTORY$1.DOINVOKE(JAVASSISTPROXYFACTORY.JAVA:46)\r\n	AT COM.ALIBABA.DUBBO.RPC.PROXY.ABSTRACTPROXYINVOKER.INVOKE(ABSTRACTPROXYINVOKER.JAVA:72)\r\n	AT COM.ALIBABA.DUBBO.RPC.PROTOCOL.INVOKERWRAPPER.INVOKE(INVOKERWRAPPER.JAVA:53)\r\n	AT COM.ALIBABA.DUBBO.RPC.FILTER.EXCEPTIONFILTER.INVOKE(EXCEPTIONFILTER.JAVA:64)\r\n	AT COM.ALIBABA.DUBBO.RPC.PROTOCOL.PROTOCOLFILTERWRAPPER$1.INVOKE(PROTOCOLFILTERWRAPPER.JAVA:91)\r\n	AT COM.ALIBABA.DUBBO.MONITOR.SUPPORT.MONITORFILTER.INVOKE(MONITORFILTER.JAVA:65)\r\n	AT COM.ALIBABA.DUBBO.RPC.PROTOCOL.PROTOCOLFILTERWRAPPER$1.INVOKE(PROTOCOLFILTERWRAPPER.JAVA:91)\r\n	AT COM.ALIBABA.DUBBO.RPC.FILTER.TIMEOUTFILTER.INVOKE(TIMEOUTFILTER.JAVA:42)\r\n	AT COM.ALIBABA.DUBBO.RPC.PROTOCOL.PROTOCOLFILTERWRAPPER$1.INVOKE(PROTOCOLFILTERWRAPPER.JAVA:91)\r\n	AT COM.ALIBABA.DUBBO.RPC.PROTOCOL.DUBBO.FILTER.TRACEFILTER.INVOKE(TRACEFILTER.JAVA:78)\r\n	AT COM.ALIBABA.DUBBO.RPC.PROTOCOL.PROTOCOLFILTERWRAPPER$1.INVOKE(PROTOCOLFILTERWRAPPER.JAVA:91)\r\n	AT COM.ALIBABA.DUBBO.RPC.FILTER.CONTEXTFILTER.INVOKE(CONTEXTFILTER.JAVA:70)\r\n	AT COM.ALIBABA.DUBBO.RPC.PROTOCOL.PROTOCOLFILTERWRAPPER$1.INVOKE(PROTOCOLFILTERWRAPPER.JAVA:91)\r\n	AT COM.ALIBABA.DUBBO.RPC.FILTER.GENERICFILTER.INVOKE(GENERICFILTER.JAVA:132)\r\n	AT COM.ALIBABA.DUBBO.RPC.PROTOCOL.PROTOCOLFILTERWRAPPER$1.INVOKE(PROTOCOLFILTERWRAPPER.JAVA:91)\r\n	AT COM.ALIBABA.DUBBO.RPC.FILTER.CLASSLOADERFILTER.INVOKE(CLASSLOADERFILTER.JAVA:38)\r\n	AT COM.ALIBABA.DUBBO.RPC.PROTOCOL.PROTOCOLFILTERWRAPPER$1.INVOKE(PROTOCOLFILTERWRAPPER.JAVA:91)\r\n	AT COM.ALIBABA.DUBBO.RPC.FILTER.ECHOFILTER.INVOKE(ECHOFILTER.JAVA:38)\r\n	AT COM.ALIBABA.DUBBO.RPC.PROTOCOL.PROTOCOLFILTERWRAPPER$1.INVOKE(PROTOCOLFILTERWRAPPER.JAVA:91)\r\n	AT COM.ALIBABA.DUBBO.RPC.PROTOCOL.DUBBO.DUBBOPROTOCOL$1.REPLY(DUBBOPROTOCOL.JAVA:113)\r\n	AT COM.ALIBABA.DUBBO.REMOTING.EXCHANGE.SUPPORT.HEADER.HEADEREXCHANGEHANDLER.HANDLEREQUEST(HEADEREXCHANGEHANDLER.JAVA:84)\r\n	AT COM.ALIBABA.DUBBO.REMOTING.EXCHANGE.SUPPORT.HEADER.HEADEREXCHANGEHANDLER.RECEIVED(HEADEREXCHANGEHANDLER.JAVA:170)\r\n	AT COM.ALIBABA.DUBBO.REMOTING.TRANSPORT.DECODEHANDLER.RECEIVED(DECODEHANDLER.JAVA:52)\r\n	AT COM.ALIBABA.DUBBO.REMOTING.TRANSPORT.DISPATCHER.CHANNELEVENTRUNNABLE.RUN(CHANNELEVENTRUNNABLE.JAVA:82)\r\n	AT JAVA.UTIL.CONCURRENT.THREADPOOLEXECUTOR.RUNWORKER(THREADPOOLEXECUTOR.JAVA:1142)\r\n	AT JAVA.UTIL.CONCURRENT.THREADPOOLEXECUTOR$WORKER.RUN(THREADPOOLEXECUTOR.JAVA:617)\r\n	AT JAVA.LANG.THREAD.RUN(THREAD.JAVA:748)', '新增功能');
INSERT INTO `LOG_ABF_OPERATE` VALUES ('OPERATELOG1505787415', 'ABF', 'add', '2017-10-16', 'fail', null, '系统管理员', 'admin', null, null, null, null, '/AcAppController/acFuncAdd', 'LACK \'GUIDFUNCGROUP\', WHEN INSERT \'AC_FUNC\'!\r\n	AT ORG.TIS.TOOLS.RSERVICE.AC.CAPABLE.APPLICATIONRSERVICEIMPL.CREATEACFUNC(APPLICATIONRSERVICEIMPL.JAVA:493)\r\n	AT COM.ALIBABA.DUBBO.COMMON.BYTECODE.WRAPPER1.INVOKEMETHOD(WRAPPER1.JAVA)\r\n	AT COM.ALIBABA.DUBBO.RPC.PROXY.JAVASSIST.JAVASSISTPROXYFACTORY$1.DOINVOKE(JAVASSISTPROXYFACTORY.JAVA:46)\r\n	AT COM.ALIBABA.DUBBO.RPC.PROXY.ABSTRACTPROXYINVOKER.INVOKE(ABSTRACTPROXYINVOKER.JAVA:72)\r\n	AT COM.ALIBABA.DUBBO.RPC.PROTOCOL.INVOKERWRAPPER.INVOKE(INVOKERWRAPPER.JAVA:53)\r\n	AT COM.ALIBABA.DUBBO.RPC.FILTER.EXCEPTIONFILTER.INVOKE(EXCEPTIONFILTER.JAVA:64)\r\n	AT COM.ALIBABA.DUBBO.RPC.PROTOCOL.PROTOCOLFILTERWRAPPER$1.INVOKE(PROTOCOLFILTERWRAPPER.JAVA:91)\r\n	AT COM.ALIBABA.DUBBO.MONITOR.SUPPORT.MONITORFILTER.INVOKE(MONITORFILTER.JAVA:65)\r\n	AT COM.ALIBABA.DUBBO.RPC.PROTOCOL.PROTOCOLFILTERWRAPPER$1.INVOKE(PROTOCOLFILTERWRAPPER.JAVA:91)\r\n	AT COM.ALIBABA.DUBBO.RPC.FILTER.TIMEOUTFILTER.INVOKE(TIMEOUTFILTER.JAVA:42)\r\n	AT COM.ALIBABA.DUBBO.RPC.PROTOCOL.PROTOCOLFILTERWRAPPER$1.INVOKE(PROTOCOLFILTERWRAPPER.JAVA:91)\r\n	AT COM.ALIBABA.DUBBO.RPC.PROTOCOL.DUBBO.FILTER.TRACEFILTER.INVOKE(TRACEFILTER.JAVA:78)\r\n	AT COM.ALIBABA.DUBBO.RPC.PROTOCOL.PROTOCOLFILTERWRAPPER$1.INVOKE(PROTOCOLFILTERWRAPPER.JAVA:91)\r\n	AT COM.ALIBABA.DUBBO.RPC.FILTER.CONTEXTFILTER.INVOKE(CONTEXTFILTER.JAVA:70)\r\n	AT COM.ALIBABA.DUBBO.RPC.PROTOCOL.PROTOCOLFILTERWRAPPER$1.INVOKE(PROTOCOLFILTERWRAPPER.JAVA:91)\r\n	AT COM.ALIBABA.DUBBO.RPC.FILTER.GENERICFILTER.INVOKE(GENERICFILTER.JAVA:132)\r\n	AT COM.ALIBABA.DUBBO.RPC.PROTOCOL.PROTOCOLFILTERWRAPPER$1.INVOKE(PROTOCOLFILTERWRAPPER.JAVA:91)\r\n	AT COM.ALIBABA.DUBBO.RPC.FILTER.CLASSLOADERFILTER.INVOKE(CLASSLOADERFILTER.JAVA:38)\r\n	AT COM.ALIBABA.DUBBO.RPC.PROTOCOL.PROTOCOLFILTERWRAPPER$1.INVOKE(PROTOCOLFILTERWRAPPER.JAVA:91)\r\n	AT COM.ALIBABA.DUBBO.RPC.FILTER.ECHOFILTER.INVOKE(ECHOFILTER.JAVA:38)\r\n	AT COM.ALIBABA.DUBBO.RPC.PROTOCOL.PROTOCOLFILTERWRAPPER$1.INVOKE(PROTOCOLFILTERWRAPPER.JAVA:91)\r\n	AT COM.ALIBABA.DUBBO.RPC.PROTOCOL.DUBBO.DUBBOPROTOCOL$1.REPLY(DUBBOPROTOCOL.JAVA:113)\r\n	AT COM.ALIBABA.DUBBO.REMOTING.EXCHANGE.SUPPORT.HEADER.HEADEREXCHANGEHANDLER.HANDLEREQUEST(HEADEREXCHANGEHANDLER.JAVA:84)\r\n	AT COM.ALIBABA.DUBBO.REMOTING.EXCHANGE.SUPPORT.HEADER.HEADEREXCHANGEHANDLER.RECEIVED(HEADEREXCHANGEHANDLER.JAVA:170)\r\n	AT COM.ALIBABA.DUBBO.REMOTING.TRANSPORT.DECODEHANDLER.RECEIVED(DECODEHANDLER.JAVA:52)\r\n	AT COM.ALIBABA.DUBBO.REMOTING.TRANSPORT.DISPATCHER.CHANNELEVENTRUNNABLE.RUN(CHANNELEVENTRUNNABLE.JAVA:82)\r\n	AT JAVA.UTIL.CONCURRENT.THREADPOOLEXECUTOR.RUNWORKER(THREADPOOLEXECUTOR.JAVA:1142)\r\n	AT JAVA.UTIL.CONCURRENT.THREADPOOLEXECUTOR$WORKER.RUN(THREADPOOLEXECUTOR.JAVA:617)\r\n	AT JAVA.LANG.THREAD.RUN(THREAD.JAVA:748)', '新增功能');
INSERT INTO `LOG_ABF_OPERATE` VALUES ('OPERATELOG1505787416', 'ABF', 'add', '2017-10-16', 'succ', null, '系统管理员', 'admin', null, null, null, null, '/AcAppController/acFuncAdd', null, '新增功能');
INSERT INTO `LOG_ABF_OPERATE` VALUES ('OPERATELOG1505787417', 'ABF', 'login', '2017-10-16', 'succ', null, '系统管理员', 'admin', null, null, null, null, '/AcAuthenticationController/login', null, '登录ABF');
INSERT INTO `LOG_ABF_OPERATE` VALUES ('OPERATELOG1505787418', 'ABF', 'update', '2017-10-16', 'exception', null, '系统管理员', 'admin', null, null, null, null, '/AcAppController/acFuncEdit', 'JAVA.LANG.NULLPOINTEREXCEPTION\r\n	AT ORG.TIS.TOOLS.WEBAPP.CONTROLLER.AC.ACAPPCONTROLLER.ACFUNCEDIT(ACAPPCONTROLLER.JAVA:280)\r\n	AT ORG.TIS.TOOLS.WEBAPP.CONTROLLER.AC.ACAPPCONTROLLER$$FASTCLASSBYSPRINGCGLIB$$508ED2D.INVOKE(<GENERATED>)\r\n	AT ORG.SPRINGFRAMEWORK.CGLIB.PROXY.METHODPROXY.INVOKE(METHODPROXY.JAVA:204)\r\n	AT ORG.SPRINGFRAMEWORK.AOP.FRAMEWORK.CGLIBAOPPROXY$CGLIBMETHODINVOCATION.INVOKEJOINPOINT(CGLIBAOPPROXY.JAVA:720)\r\n	AT ORG.SPRINGFRAMEWORK.AOP.FRAMEWORK.REFLECTIVEMETHODINVOCATION.PROCEED(REFLECTIVEMETHODINVOCATION.JAVA:157)\r\n	AT ORG.SPRINGFRAMEWORK.AOP.FRAMEWORK.ADAPTER.METHODBEFOREADVICEINTERCEPTOR.INVOKE(METHODBEFOREADVICEINTERCEPTOR.JAVA:52)\r\n	AT ORG.SPRINGFRAMEWORK.AOP.FRAMEWORK.REFLECTIVEMETHODINVOCATION.PROCEED(REFLECTIVEMETHODINVOCATION.JAVA:168)\r\n	AT ORG.SPRINGFRAMEWORK.AOP.FRAMEWORK.ADAPTER.METHODBEFOREADVICEINTERCEPTOR.INVOKE(METHODBEFOREADVICEINTERCEPTOR.JAVA:52)\r\n	AT ORG.SPRINGFRAMEWORK.AOP.FRAMEWORK.REFLECTIVEMETHODINVOCATION.PROCEED(REFLECTIVEMETHODINVOCATION.JAVA:168)\r\n	AT ORG.SPRINGFRAMEWORK.AOP.FRAMEWORK.ADAPTER.AFTERRETURNINGADVICEINTERCEPTOR.INVOKE(AFTERRETURNINGADVICEINTERCEPTOR.JAVA:52)\r\n	AT ORG.SPRINGFRAMEWORK.AOP.FRAMEWORK.REFLECTIVEMETHODINVOCATION.PROCEED(REFLECTIVEMETHODINVOCATION.JAVA:168)\r\n	AT ORG.SPRINGFRAMEWORK.AOP.FRAMEWORK.ADAPTER.AFTERRETURNINGADVICEINTERCEPTOR.INVOKE(AFTERRETURNINGADVICEINTERCEPTOR.JAVA:52)\r\n	AT ORG.SPRINGFRAMEWORK.AOP.FRAMEWORK.REFLECTIVEMETHODINVOCATION.PROCEED(REFLECTIVEMETHODINVOCATION.JAVA:168)\r\n	AT ORG.SPRINGFRAMEWORK.AOP.ASPECTJ.ASPECTJAFTERTHROWINGADVICE.INVOKE(ASPECTJAFTERTHROWINGADVICE.JAVA:58)\r\n	AT ORG.SPRINGFRAMEWORK.AOP.FRAMEWORK.REFLECTIVEMETHODINVOCATION.PROCEED(REFLECTIVEMETHODINVOCATION.JAVA:168)\r\n	AT ORG.SPRINGFRAMEWORK.AOP.INTERCEPTOR.EXPOSEINVOCATIONINTERCEPTOR.INVOKE(EXPOSEINVOCATIONINTERCEPTOR.JAVA:92)\r\n	AT ORG.SPRINGFRAMEWORK.AOP.FRAMEWORK.REFLECTIVEMETHODINVOCATION.PROCEED(REFLECTIVEMETHODINVOCATION.JAVA:179)\r\n	AT ORG.SPRINGFRAMEWORK.AOP.FRAMEWORK.CGLIBAOPPROXY$DYNAMICADVISEDINTERCEPTOR.INTERCEPT(CGLIBAOPPROXY.JAVA:655)\r\n	AT ORG.TIS.TOOLS.WEBAPP.CONTROLLER.AC.ACAPPCONTROLLER$$ENHANCERBYSPRINGCGLIB$$786EE190.ACFUNCEDIT(<GENERATED>)\r\n	AT SUN.REFLECT.NATIVEMETHODACCESSORIMPL.INVOKE0(NATIVE METHOD)\r\n	AT SUN.REFLECT.NATIVEMETHODACCESSORIMPL.INVOKE(NATIVEMETHODACCESSORIMPL.JAVA:62)\r\n	AT SUN.REFLECT.DELEGATINGMETHODACCESSORIMPL.INVOKE(DELEGATINGMETHODACCESSORIMPL.JAVA:43)\r\n	AT JAVA.LANG.REFLECT.METHOD.INVOKE(METHOD.JAVA:497)\r\n	AT ORG.SPRINGFRAMEWORK.WEB.METHOD.SUPPORT.INVOCABLEHANDLERMETHOD.DOINVOKE(INVOCABLEHANDLERMETHOD.JAVA:222)\r\n	AT ORG.SPRINGFRAMEWORK.WEB.METHOD.SUPPORT.INVOCABLEHANDLERMETHOD.INVOKEFORREQUEST(INVOCABLEHANDLERMETHOD.JAVA:137)\r\n	AT ORG.SPRINGFRAMEWORK.WEB.SERVLET.MVC.METHOD.ANNOTATION.SERVLETINVOCABLEHANDLERMETHOD.INVOKEANDHANDLE(SERVLETINVOCABLEHANDLERMETHOD.JAVA:110)\r\n	AT ORG.SPRINGFRAMEWORK.WEB.SERVLET.MVC.METHOD.ANNOTATION.REQUESTMAPPINGHANDLERADAPTER.INVOKEHANDLERMETHOD(REQUESTMAPPINGHANDLERADAPTER.JAVA:814)\r\n	AT ORG.SPRINGFRAMEWORK.WEB.SERVLET.MVC.METHOD.ANNOTATION.REQUESTMAPPINGHANDLERADAPTER.HANDLEINTERNAL(REQUESTMAPPINGHANDLERADAPTER.JAVA:737)\r\n	AT ORG.SPRINGFRAMEWORK.WEB.SERVLET.MVC.METHOD.ABSTRACTHANDLERMETHODADAPTER.HANDLE(ABSTRACTHANDLERMETHODADAPTER.JAVA:85)\r\n	AT ORG.SPRINGFRAMEWORK.WEB.SERVLET.DISPATCHERSERVLET.DODISPATCH(DISPATCHERSERVLET.JAVA:959)\r\n	AT ORG.SPRINGFRAMEWORK.WEB.SERVLET.DISPATCHERSERVLET.DOSERVICE(DISPATCHERSERVLET.JAVA:893)\r\n	AT ORG.SPRINGFRAMEWORK.WEB.SERVLET.FRAMEWORKSERVLET.PROCESSREQUEST(FRAMEWORKSERVLET.JAVA:969)\r\n	AT ORG.SPRINGFRAMEWORK.WEB.SERVLET.FRAMEWORKSERVLET.DOPOST(FRAMEWORKSERVLET.JAVA:871)\r\n	AT JAVAX.SERVLET.HTTP.HTTPSERVLET.SERVICE(HTTPSERVLET.JAVA:647)\r\n	AT ORG.SPRINGFRAMEWORK.WEB.SERVLET.FRAMEWORKSERVLET.SERVICE(FRAMEWORKSERVLET.JAVA:845)\r\n	AT JAVAX.SERVLET.HTTP.HTTPSERVLET.SERVICE(HTTPSERVLET.JAVA:728)\r\n	AT ORG.APACHE.CATALINA.CORE.APPLICATIONFILTERCHAIN.INTERNALDOFILTER(APPLICATIONFILTERCHAIN.JAVA:305)\r\n	AT ORG.APACHE.CATALINA.CORE.APPLICATIONFILTERCHAIN.DOFILTER(APPLICATIONFILTERCHAIN.JAVA:210)\r\n	AT COM.OPENSYMPHONY.SITEMESH.WEBAPP.SITEMESHFILTER.DOFILTER(SITEMESHFILTER.JAVA:59)\r\n	AT ORG.APACHE.CATALINA.CORE.APPLICATIONFILTERCHAIN.INTERNALDOFILTER(APPLICATIONFILTERCHAIN.JAVA:243)\r\n	AT ORG.APACHE.CATALINA.CORE.APPLICATIONFILTERCHAIN.DOFILTER(APPLICATIONFILTERCHAIN.JAVA:210)\r\n	AT ORG.APACHE.CATALINA.CORE.APPLICATIONDISPATCHER.INVOKE(APPLICATIONDISPATCHER.JAVA:749)\r\n	AT ORG.APACHE.CATALINA.CORE.APPLICATIONDISPATCHER.PROCESSREQUEST(APPLICATIONDISPATCHER.JAVA:487)\r\n	AT ORG.APACHE.CATALINA.CORE.APPLICATIONDISPATCHER.DOFORWARD(APPLICATIONDISPATCHER.JAVA:412)\r\n	AT ORG.APACHE.CATALINA.CORE.APPLICATIONDISPATCHER.FORWARD(APPLICATIONDISPATCHER.JAVA:339)\r\n	AT ORG.TUCKEY.WEB.FILTERS.URLREWRITE.NORMALREWRITTENURL.DOREWRITE(NORMALREWRITTENURL.JAVA:195)\r\n	AT ORG.TUCKEY.WEB.FILTERS.URLREWRITE.RULECHAIN.HANDLEREWRITE(RULECHAIN.JAVA:159)\r\n	AT ORG.TUCKEY.WEB.FILTERS.URLREWRITE.RULECHAIN.DORULES(RULECHAIN.JAVA:141)\r\n	AT ORG.TUCKEY.WEB.FILTERS.URLREWRITE.URLREWRITER.PROCESSREQUEST(URLREWRITER.JAVA:90)\r\n	AT ORG.TUCKEY.WEB.FILTERS.URLREWRITE.URLREWRITEFILTER.DOFILTER(URLREWRITEFILTER.JAVA:417)\r\n	AT ORG.APACHE.CATALINA.CORE.APPLICATIONFILTERCHAIN.INTERNALDOFILTER(APPLICATIONFILTERCHAIN.JAVA:243)\r\n	AT ORG.APACHE.CATALINA.CORE.APPLICATIONFILTERCHAIN.DOFILTER(APPLICATIONFILTERCHAIN.JAVA:210)\r\n	AT ORG.SPRINGFRAMEWORK.WEB.FILTER.CHARACTERENCODINGFILTER.DOFILTERINTERNAL(CHARACTERENCODINGFILTER.JAVA:121)\r\n	AT ORG.SPRINGFRAMEWORK.WEB.FILTER.ONCEPERREQUESTFILTER.DOFILTER(ONCEPERREQUESTFILTER.JAVA:107)\r\n	AT ORG.APACHE.CATALINA.CORE.APPLICATIONFILTERCHAIN.INTERNALDOFILTER(APPLICATIONFILTERCHAIN.JAVA:243)\r\n	AT ORG.APACHE.CATALINA.CORE.APPLICATIONFILTERCHAIN.DOFILTER(APPLICATIONFILTERCHAIN.JAVA:210)\r\n	AT COM.OPENSYMPHONY.SITEMESH.WEBAPP.SITEMESHFILTER.DOFILTER(SITEMESHFILTER.JAVA:65)\r\n	AT ORG.APACHE.CATALINA.CORE.APPLICATIONFILTERCHAIN.INTERNALDOFILTER(APPLICATIONFILTERCHAIN.JAVA:243)\r\n	AT ORG.APACHE.CATALINA.CORE.APPLICATIONFILTERCHAIN.DOFILTER(APPLICATIONFILTERCHAIN.JAVA:210)\r\n	AT ORG.APACHE.CATALINA.CORE.STANDARDWRAPPERVALVE.INVOKE(STANDARDWRAPPERVALVE.JAVA:222)\r\n	AT ORG.APACHE.CATALINA.CORE.STANDARDCONTEXTVALVE.INVOKE(STANDARDCONTEXTVALVE.JAVA:123)\r\n	AT ORG.APACHE.CATALINA.AUTHENTICATOR.AUTHENTICATORBASE.INVOKE(AUTHENTICATORBASE.JAVA:472)\r\n	AT ORG.APACHE.CATALINA.CORE.STANDARDHOSTVALVE.INVOKE(STANDARDHOSTVALVE.JAVA:171)\r\n	AT ORG.APACHE.CATALINA.VALVES.ERRORREPORTVALVE.INVOKE(ERRORREPORTVALVE.JAVA:99)\r\n	AT ORG.APACHE.CATALINA.VALVES.ACCESSLOGVALVE.INVOKE(ACCESSLOGVALVE.JAVA:936)\r\n	AT ORG.APACHE.CATALINA.CORE.STANDARDENGINEVALVE.INVOKE(STANDARDENGINEVALVE.JAVA:118)\r\n	AT ORG.APACHE.CATALINA.CONNECTOR.COYOTEADAPTER.SERVICE(COYOTEADAPTER.JAVA:407)\r\n	AT ORG.APACHE.COYOTE.HTTP11.ABSTRACTHTTP11PROCESSOR.PROCESS(ABSTRACTHTTP11PROCESSOR.JAVA:1004)\r\n	AT ORG.APACHE.COYOTE.ABSTRACTPROTOCOL$ABSTRACTCONNECTIONHANDLER.PROCESS(ABSTRACTPROTOCOL.JAVA:589)\r\n	AT ORG.APACHE.TOMCAT.UTIL.NET.JIOENDPOINT$SOCKETPROCESSOR.RUN(JIOENDPOINT.JAVA:312)\r\n	AT JAVA.UTIL.CONCURRENT.THREADPOOLEXECUTOR.RUNWORKER(THREADPOOLEXECUTOR.JAVA:1142)\r\n	AT JAVA.UTIL.CONCURRENT.THREADPOOLEXECUTOR$WORKER.RUN(THREADPOOLEXECUTOR.JAVA:617)\r\n	AT JAVA.LANG.THREAD.RUN(THREAD.JAVA:745)', '修改功能');
INSERT INTO `LOG_ABF_OPERATE` VALUES ('OPERATELOG1505787419', 'ABF', 'update', '2017-10-16', 'exception', null, '系统管理员', 'admin', null, null, null, null, '/AcAppController/acFuncEdit', 'JAVA.LANG.NULLPOINTEREXCEPTION\r\n	AT ORG.TIS.TOOLS.WEBAPP.CONTROLLER.AC.ACAPPCONTROLLER.ACFUNCEDIT(ACAPPCONTROLLER.JAVA:280)\r\n	AT ORG.TIS.TOOLS.WEBAPP.CONTROLLER.AC.ACAPPCONTROLLER$$FASTCLASSBYSPRINGCGLIB$$508ED2D.INVOKE(<GENERATED>)\r\n	AT ORG.SPRINGFRAMEWORK.CGLIB.PROXY.METHODPROXY.INVOKE(METHODPROXY.JAVA:204)\r\n	AT ORG.SPRINGFRAMEWORK.AOP.FRAMEWORK.CGLIBAOPPROXY$CGLIBMETHODINVOCATION.INVOKEJOINPOINT(CGLIBAOPPROXY.JAVA:720)\r\n	AT ORG.SPRINGFRAMEWORK.AOP.FRAMEWORK.REFLECTIVEMETHODINVOCATION.PROCEED(REFLECTIVEMETHODINVOCATION.JAVA:157)\r\n	AT ORG.SPRINGFRAMEWORK.AOP.FRAMEWORK.ADAPTER.METHODBEFOREADVICEINTERCEPTOR.INVOKE(METHODBEFOREADVICEINTERCEPTOR.JAVA:52)\r\n	AT ORG.SPRINGFRAMEWORK.AOP.FRAMEWORK.REFLECTIVEMETHODINVOCATION.PROCEED(REFLECTIVEMETHODINVOCATION.JAVA:168)\r\n	AT ORG.SPRINGFRAMEWORK.AOP.FRAMEWORK.ADAPTER.METHODBEFOREADVICEINTERCEPTOR.INVOKE(METHODBEFOREADVICEINTERCEPTOR.JAVA:52)\r\n	AT ORG.SPRINGFRAMEWORK.AOP.FRAMEWORK.REFLECTIVEMETHODINVOCATION.PROCEED(REFLECTIVEMETHODINVOCATION.JAVA:168)\r\n	AT ORG.SPRINGFRAMEWORK.AOP.FRAMEWORK.ADAPTER.AFTERRETURNINGADVICEINTERCEPTOR.INVOKE(AFTERRETURNINGADVICEINTERCEPTOR.JAVA:52)\r\n	AT ORG.SPRINGFRAMEWORK.AOP.FRAMEWORK.REFLECTIVEMETHODINVOCATION.PROCEED(REFLECTIVEMETHODINVOCATION.JAVA:168)\r\n	AT ORG.SPRINGFRAMEWORK.AOP.FRAMEWORK.ADAPTER.AFTERRETURNINGADVICEINTERCEPTOR.INVOKE(AFTERRETURNINGADVICEINTERCEPTOR.JAVA:52)\r\n	AT ORG.SPRINGFRAMEWORK.AOP.FRAMEWORK.REFLECTIVEMETHODINVOCATION.PROCEED(REFLECTIVEMETHODINVOCATION.JAVA:168)\r\n	AT ORG.SPRINGFRAMEWORK.AOP.ASPECTJ.ASPECTJAFTERTHROWINGADVICE.INVOKE(ASPECTJAFTERTHROWINGADVICE.JAVA:58)\r\n	AT ORG.SPRINGFRAMEWORK.AOP.FRAMEWORK.REFLECTIVEMETHODINVOCATION.PROCEED(REFLECTIVEMETHODINVOCATION.JAVA:168)\r\n	AT ORG.SPRINGFRAMEWORK.AOP.INTERCEPTOR.EXPOSEINVOCATIONINTERCEPTOR.INVOKE(EXPOSEINVOCATIONINTERCEPTOR.JAVA:92)\r\n	AT ORG.SPRINGFRAMEWORK.AOP.FRAMEWORK.REFLECTIVEMETHODINVOCATION.PROCEED(REFLECTIVEMETHODINVOCATION.JAVA:179)\r\n	AT ORG.SPRINGFRAMEWORK.AOP.FRAMEWORK.CGLIBAOPPROXY$DYNAMICADVISEDINTERCEPTOR.INTERCEPT(CGLIBAOPPROXY.JAVA:655)\r\n	AT ORG.TIS.TOOLS.WEBAPP.CONTROLLER.AC.ACAPPCONTROLLER$$ENHANCERBYSPRINGCGLIB$$786EE190.ACFUNCEDIT(<GENERATED>)\r\n	AT SUN.REFLECT.NATIVEMETHODACCESSORIMPL.INVOKE0(NATIVE METHOD)\r\n	AT SUN.REFLECT.NATIVEMETHODACCESSORIMPL.INVOKE(NATIVEMETHODACCESSORIMPL.JAVA:62)\r\n	AT SUN.REFLECT.DELEGATINGMETHODACCESSORIMPL.INVOKE(DELEGATINGMETHODACCESSORIMPL.JAVA:43)\r\n	AT JAVA.LANG.REFLECT.METHOD.INVOKE(METHOD.JAVA:497)\r\n	AT ORG.SPRINGFRAMEWORK.WEB.METHOD.SUPPORT.INVOCABLEHANDLERMETHOD.DOINVOKE(INVOCABLEHANDLERMETHOD.JAVA:222)\r\n	AT ORG.SPRINGFRAMEWORK.WEB.METHOD.SUPPORT.INVOCABLEHANDLERMETHOD.INVOKEFORREQUEST(INVOCABLEHANDLERMETHOD.JAVA:137)\r\n	AT ORG.SPRINGFRAMEWORK.WEB.SERVLET.MVC.METHOD.ANNOTATION.SERVLETINVOCABLEHANDLERMETHOD.INVOKEANDHANDLE(SERVLETINVOCABLEHANDLERMETHOD.JAVA:110)\r\n	AT ORG.SPRINGFRAMEWORK.WEB.SERVLET.MVC.METHOD.ANNOTATION.REQUESTMAPPINGHANDLERADAPTER.INVOKEHANDLERMETHOD(REQUESTMAPPINGHANDLERADAPTER.JAVA:814)\r\n	AT ORG.SPRINGFRAMEWORK.WEB.SERVLET.MVC.METHOD.ANNOTATION.REQUESTMAPPINGHANDLERADAPTER.HANDLEINTERNAL(REQUESTMAPPINGHANDLERADAPTER.JAVA:737)\r\n	AT ORG.SPRINGFRAMEWORK.WEB.SERVLET.MVC.METHOD.ABSTRACTHANDLERMETHODADAPTER.HANDLE(ABSTRACTHANDLERMETHODADAPTER.JAVA:85)\r\n	AT ORG.SPRINGFRAMEWORK.WEB.SERVLET.DISPATCHERSERVLET.DODISPATCH(DISPATCHERSERVLET.JAVA:959)\r\n	AT ORG.SPRINGFRAMEWORK.WEB.SERVLET.DISPATCHERSERVLET.DOSERVICE(DISPATCHERSERVLET.JAVA:893)\r\n	AT ORG.SPRINGFRAMEWORK.WEB.SERVLET.FRAMEWORKSERVLET.PROCESSREQUEST(FRAMEWORKSERVLET.JAVA:969)\r\n	AT ORG.SPRINGFRAMEWORK.WEB.SERVLET.FRAMEWORKSERVLET.DOPOST(FRAMEWORKSERVLET.JAVA:871)\r\n	AT JAVAX.SERVLET.HTTP.HTTPSERVLET.SERVICE(HTTPSERVLET.JAVA:647)\r\n	AT ORG.SPRINGFRAMEWORK.WEB.SERVLET.FRAMEWORKSERVLET.SERVICE(FRAMEWORKSERVLET.JAVA:845)\r\n	AT JAVAX.SERVLET.HTTP.HTTPSERVLET.SERVICE(HTTPSERVLET.JAVA:728)\r\n	AT ORG.APACHE.CATALINA.CORE.APPLICATIONFILTERCHAIN.INTERNALDOFILTER(APPLICATIONFILTERCHAIN.JAVA:305)\r\n	AT ORG.APACHE.CATALINA.CORE.APPLICATIONFILTERCHAIN.DOFILTER(APPLICATIONFILTERCHAIN.JAVA:210)\r\n	AT COM.OPENSYMPHONY.SITEMESH.WEBAPP.SITEMESHFILTER.DOFILTER(SITEMESHFILTER.JAVA:59)\r\n	AT ORG.APACHE.CATALINA.CORE.APPLICATIONFILTERCHAIN.INTERNALDOFILTER(APPLICATIONFILTERCHAIN.JAVA:243)\r\n	AT ORG.APACHE.CATALINA.CORE.APPLICATIONFILTERCHAIN.DOFILTER(APPLICATIONFILTERCHAIN.JAVA:210)\r\n	AT ORG.APACHE.CATALINA.CORE.APPLICATIONDISPATCHER.INVOKE(APPLICATIONDISPATCHER.JAVA:749)\r\n	AT ORG.APACHE.CATALINA.CORE.APPLICATIONDISPATCHER.PROCESSREQUEST(APPLICATIONDISPATCHER.JAVA:487)\r\n	AT ORG.APACHE.CATALINA.CORE.APPLICATIONDISPATCHER.DOFORWARD(APPLICATIONDISPATCHER.JAVA:412)\r\n	AT ORG.APACHE.CATALINA.CORE.APPLICATIONDISPATCHER.FORWARD(APPLICATIONDISPATCHER.JAVA:339)\r\n	AT ORG.TUCKEY.WEB.FILTERS.URLREWRITE.NORMALREWRITTENURL.DOREWRITE(NORMALREWRITTENURL.JAVA:195)\r\n	AT ORG.TUCKEY.WEB.FILTERS.URLREWRITE.RULECHAIN.HANDLEREWRITE(RULECHAIN.JAVA:159)\r\n	AT ORG.TUCKEY.WEB.FILTERS.URLREWRITE.RULECHAIN.DORULES(RULECHAIN.JAVA:141)\r\n	AT ORG.TUCKEY.WEB.FILTERS.URLREWRITE.URLREWRITER.PROCESSREQUEST(URLREWRITER.JAVA:90)\r\n	AT ORG.TUCKEY.WEB.FILTERS.URLREWRITE.URLREWRITEFILTER.DOFILTER(URLREWRITEFILTER.JAVA:417)\r\n	AT ORG.APACHE.CATALINA.CORE.APPLICATIONFILTERCHAIN.INTERNALDOFILTER(APPLICATIONFILTERCHAIN.JAVA:243)\r\n	AT ORG.APACHE.CATALINA.CORE.APPLICATIONFILTERCHAIN.DOFILTER(APPLICATIONFILTERCHAIN.JAVA:210)\r\n	AT ORG.SPRINGFRAMEWORK.WEB.FILTER.CHARACTERENCODINGFILTER.DOFILTERINTERNAL(CHARACTERENCODINGFILTER.JAVA:121)\r\n	AT ORG.SPRINGFRAMEWORK.WEB.FILTER.ONCEPERREQUESTFILTER.DOFILTER(ONCEPERREQUESTFILTER.JAVA:107)\r\n	AT ORG.APACHE.CATALINA.CORE.APPLICATIONFILTERCHAIN.INTERNALDOFILTER(APPLICATIONFILTERCHAIN.JAVA:243)\r\n	AT ORG.APACHE.CATALINA.CORE.APPLICATIONFILTERCHAIN.DOFILTER(APPLICATIONFILTERCHAIN.JAVA:210)\r\n	AT COM.OPENSYMPHONY.SITEMESH.WEBAPP.SITEMESHFILTER.DOFILTER(SITEMESHFILTER.JAVA:65)\r\n	AT ORG.APACHE.CATALINA.CORE.APPLICATIONFILTERCHAIN.INTERNALDOFILTER(APPLICATIONFILTERCHAIN.JAVA:243)\r\n	AT ORG.APACHE.CATALINA.CORE.APPLICATIONFILTERCHAIN.DOFILTER(APPLICATIONFILTERCHAIN.JAVA:210)\r\n	AT ORG.APACHE.CATALINA.CORE.STANDARDWRAPPERVALVE.INVOKE(STANDARDWRAPPERVALVE.JAVA:222)\r\n	AT ORG.APACHE.CATALINA.CORE.STANDARDCONTEXTVALVE.INVOKE(STANDARDCONTEXTVALVE.JAVA:123)\r\n	AT ORG.APACHE.CATALINA.AUTHENTICATOR.AUTHENTICATORBASE.INVOKE(AUTHENTICATORBASE.JAVA:472)\r\n	AT ORG.APACHE.CATALINA.CORE.STANDARDHOSTVALVE.INVOKE(STANDARDHOSTVALVE.JAVA:171)\r\n	AT ORG.APACHE.CATALINA.VALVES.ERRORREPORTVALVE.INVOKE(ERRORREPORTVALVE.JAVA:99)\r\n	AT ORG.APACHE.CATALINA.VALVES.ACCESSLOGVALVE.INVOKE(ACCESSLOGVALVE.JAVA:936)\r\n	AT ORG.APACHE.CATALINA.CORE.STANDARDENGINEVALVE.INVOKE(STANDARDENGINEVALVE.JAVA:118)\r\n	AT ORG.APACHE.CATALINA.CONNECTOR.COYOTEADAPTER.SERVICE(COYOTEADAPTER.JAVA:407)\r\n	AT ORG.APACHE.COYOTE.HTTP11.ABSTRACTHTTP11PROCESSOR.PROCESS(ABSTRACTHTTP11PROCESSOR.JAVA:1004)\r\n	AT ORG.APACHE.COYOTE.ABSTRACTPROTOCOL$ABSTRACTCONNECTIONHANDLER.PROCESS(ABSTRACTPROTOCOL.JAVA:589)\r\n	AT ORG.APACHE.TOMCAT.UTIL.NET.JIOENDPOINT$SOCKETPROCESSOR.RUN(JIOENDPOINT.JAVA:312)\r\n	AT JAVA.UTIL.CONCURRENT.THREADPOOLEXECUTOR.RUNWORKER(THREADPOOLEXECUTOR.JAVA:1142)\r\n	AT JAVA.UTIL.CONCURRENT.THREADPOOLEXECUTOR$WORKER.RUN(THREADPOOLEXECUTOR.JAVA:617)\r\n	AT JAVA.LANG.THREAD.RUN(THREAD.JAVA:745)', '修改功能');
INSERT INTO `LOG_ABF_OPERATE` VALUES ('OPERATELOG1505787420', 'ABF', 'login', '2017-10-16', 'succ', null, '系统管理员', 'admin', null, null, null, null, '/AcAuthenticationController/login', null, '登录ABF');
INSERT INTO `LOG_ABF_OPERATE` VALUES ('OPERATELOG1505787421', 'ABF', 'add', '2017-10-16', 'succ', null, '系统管理员', 'admin', null, null, null, null, '/AcAppController/acFuncAdd', null, '新增功能');
INSERT INTO `LOG_ABF_OPERATE` VALUES ('OPERATELOG1505787422', 'ABF', 'update', '2017-10-16', 'exception', null, '系统管理员', 'admin', null, null, null, null, '/AcAppController/acFuncEdit', 'JAVA.LANG.NULLPOINTEREXCEPTION\r\n	AT ORG.TIS.TOOLS.WEBAPP.CONTROLLER.AC.ACAPPCONTROLLER.ACFUNCEDIT(ACAPPCONTROLLER.JAVA:280)\r\n	AT ORG.TIS.TOOLS.WEBAPP.CONTROLLER.AC.ACAPPCONTROLLER$$FASTCLASSBYSPRINGCGLIB$$508ED2D.INVOKE(<GENERATED>)\r\n	AT ORG.SPRINGFRAMEWORK.CGLIB.PROXY.METHODPROXY.INVOKE(METHODPROXY.JAVA:204)\r\n	AT ORG.SPRINGFRAMEWORK.AOP.FRAMEWORK.CGLIBAOPPROXY$CGLIBMETHODINVOCATION.INVOKEJOINPOINT(CGLIBAOPPROXY.JAVA:720)\r\n	AT ORG.SPRINGFRAMEWORK.AOP.FRAMEWORK.REFLECTIVEMETHODINVOCATION.PROCEED(REFLECTIVEMETHODINVOCATION.JAVA:157)\r\n	AT ORG.SPRINGFRAMEWORK.AOP.FRAMEWORK.ADAPTER.METHODBEFOREADVICEINTERCEPTOR.INVOKE(METHODBEFOREADVICEINTERCEPTOR.JAVA:52)\r\n	AT ORG.SPRINGFRAMEWORK.AOP.FRAMEWORK.REFLECTIVEMETHODINVOCATION.PROCEED(REFLECTIVEMETHODINVOCATION.JAVA:168)\r\n	AT ORG.SPRINGFRAMEWORK.AOP.FRAMEWORK.ADAPTER.METHODBEFOREADVICEINTERCEPTOR.INVOKE(METHODBEFOREADVICEINTERCEPTOR.JAVA:52)\r\n	AT ORG.SPRINGFRAMEWORK.AOP.FRAMEWORK.REFLECTIVEMETHODINVOCATION.PROCEED(REFLECTIVEMETHODINVOCATION.JAVA:168)\r\n	AT ORG.SPRINGFRAMEWORK.AOP.FRAMEWORK.ADAPTER.AFTERRETURNINGADVICEINTERCEPTOR.INVOKE(AFTERRETURNINGADVICEINTERCEPTOR.JAVA:52)\r\n	AT ORG.SPRINGFRAMEWORK.AOP.FRAMEWORK.REFLECTIVEMETHODINVOCATION.PROCEED(REFLECTIVEMETHODINVOCATION.JAVA:168)\r\n	AT ORG.SPRINGFRAMEWORK.AOP.FRAMEWORK.ADAPTER.AFTERRETURNINGADVICEINTERCEPTOR.INVOKE(AFTERRETURNINGADVICEINTERCEPTOR.JAVA:52)\r\n	AT ORG.SPRINGFRAMEWORK.AOP.FRAMEWORK.REFLECTIVEMETHODINVOCATION.PROCEED(REFLECTIVEMETHODINVOCATION.JAVA:168)\r\n	AT ORG.SPRINGFRAMEWORK.AOP.ASPECTJ.ASPECTJAFTERTHROWINGADVICE.INVOKE(ASPECTJAFTERTHROWINGADVICE.JAVA:58)\r\n	AT ORG.SPRINGFRAMEWORK.AOP.FRAMEWORK.REFLECTIVEMETHODINVOCATION.PROCEED(REFLECTIVEMETHODINVOCATION.JAVA:168)\r\n	AT ORG.SPRINGFRAMEWORK.AOP.INTERCEPTOR.EXPOSEINVOCATIONINTERCEPTOR.INVOKE(EXPOSEINVOCATIONINTERCEPTOR.JAVA:92)\r\n	AT ORG.SPRINGFRAMEWORK.AOP.FRAMEWORK.REFLECTIVEMETHODINVOCATION.PROCEED(REFLECTIVEMETHODINVOCATION.JAVA:179)\r\n	AT ORG.SPRINGFRAMEWORK.AOP.FRAMEWORK.CGLIBAOPPROXY$DYNAMICADVISEDINTERCEPTOR.INTERCEPT(CGLIBAOPPROXY.JAVA:655)\r\n	AT ORG.TIS.TOOLS.WEBAPP.CONTROLLER.AC.ACAPPCONTROLLER$$ENHANCERBYSPRINGCGLIB$$786EE190.ACFUNCEDIT(<GENERATED>)\r\n	AT SUN.REFLECT.NATIVEMETHODACCESSORIMPL.INVOKE0(NATIVE METHOD)\r\n	AT SUN.REFLECT.NATIVEMETHODACCESSORIMPL.INVOKE(NATIVEMETHODACCESSORIMPL.JAVA:62)\r\n	AT SUN.REFLECT.DELEGATINGMETHODACCESSORIMPL.INVOKE(DELEGATINGMETHODACCESSORIMPL.JAVA:43)\r\n	AT JAVA.LANG.REFLECT.METHOD.INVOKE(METHOD.JAVA:497)\r\n	AT ORG.SPRINGFRAMEWORK.WEB.METHOD.SUPPORT.INVOCABLEHANDLERMETHOD.DOINVOKE(INVOCABLEHANDLERMETHOD.JAVA:222)\r\n	AT ORG.SPRINGFRAMEWORK.WEB.METHOD.SUPPORT.INVOCABLEHANDLERMETHOD.INVOKEFORREQUEST(INVOCABLEHANDLERMETHOD.JAVA:137)\r\n	AT ORG.SPRINGFRAMEWORK.WEB.SERVLET.MVC.METHOD.ANNOTATION.SERVLETINVOCABLEHANDLERMETHOD.INVOKEANDHANDLE(SERVLETINVOCABLEHANDLERMETHOD.JAVA:110)\r\n	AT ORG.SPRINGFRAMEWORK.WEB.SERVLET.MVC.METHOD.ANNOTATION.REQUESTMAPPINGHANDLERADAPTER.INVOKEHANDLERMETHOD(REQUESTMAPPINGHANDLERADAPTER.JAVA:814)\r\n	AT ORG.SPRINGFRAMEWORK.WEB.SERVLET.MVC.METHOD.ANNOTATION.REQUESTMAPPINGHANDLERADAPTER.HANDLEINTERNAL(REQUESTMAPPINGHANDLERADAPTER.JAVA:737)\r\n	AT ORG.SPRINGFRAMEWORK.WEB.SERVLET.MVC.METHOD.ABSTRACTHANDLERMETHODADAPTER.HANDLE(ABSTRACTHANDLERMETHODADAPTER.JAVA:85)\r\n	AT ORG.SPRINGFRAMEWORK.WEB.SERVLET.DISPATCHERSERVLET.DODISPATCH(DISPATCHERSERVLET.JAVA:959)\r\n	AT ORG.SPRINGFRAMEWORK.WEB.SERVLET.DISPATCHERSERVLET.DOSERVICE(DISPATCHERSERVLET.JAVA:893)\r\n	AT ORG.SPRINGFRAMEWORK.WEB.SERVLET.FRAMEWORKSERVLET.PROCESSREQUEST(FRAMEWORKSERVLET.JAVA:969)\r\n	AT ORG.SPRINGFRAMEWORK.WEB.SERVLET.FRAMEWORKSERVLET.DOPOST(FRAMEWORKSERVLET.JAVA:871)\r\n	AT JAVAX.SERVLET.HTTP.HTTPSERVLET.SERVICE(HTTPSERVLET.JAVA:647)\r\n	AT ORG.SPRINGFRAMEWORK.WEB.SERVLET.FRAMEWORKSERVLET.SERVICE(FRAMEWORKSERVLET.JAVA:845)\r\n	AT JAVAX.SERVLET.HTTP.HTTPSERVLET.SERVICE(HTTPSERVLET.JAVA:728)\r\n	AT ORG.APACHE.CATALINA.CORE.APPLICATIONFILTERCHAIN.INTERNALDOFILTER(APPLICATIONFILTERCHAIN.JAVA:305)\r\n	AT ORG.APACHE.CATALINA.CORE.APPLICATIONFILTERCHAIN.DOFILTER(APPLICATIONFILTERCHAIN.JAVA:210)\r\n	AT COM.OPENSYMPHONY.SITEMESH.WEBAPP.SITEMESHFILTER.DOFILTER(SITEMESHFILTER.JAVA:59)\r\n	AT ORG.APACHE.CATALINA.CORE.APPLICATIONFILTERCHAIN.INTERNALDOFILTER(APPLICATIONFILTERCHAIN.JAVA:243)\r\n	AT ORG.APACHE.CATALINA.CORE.APPLICATIONFILTERCHAIN.DOFILTER(APPLICATIONFILTERCHAIN.JAVA:210)\r\n	AT ORG.APACHE.CATALINA.CORE.APPLICATIONDISPATCHER.INVOKE(APPLICATIONDISPATCHER.JAVA:749)\r\n	AT ORG.APACHE.CATALINA.CORE.APPLICATIONDISPATCHER.PROCESSREQUEST(APPLICATIONDISPATCHER.JAVA:487)\r\n	AT ORG.APACHE.CATALINA.CORE.APPLICATIONDISPATCHER.DOFORWARD(APPLICATIONDISPATCHER.JAVA:412)\r\n	AT ORG.APACHE.CATALINA.CORE.APPLICATIONDISPATCHER.FORWARD(APPLICATIONDISPATCHER.JAVA:339)\r\n	AT ORG.TUCKEY.WEB.FILTERS.URLREWRITE.NORMALREWRITTENURL.DOREWRITE(NORMALREWRITTENURL.JAVA:195)\r\n	AT ORG.TUCKEY.WEB.FILTERS.URLREWRITE.RULECHAIN.HANDLEREWRITE(RULECHAIN.JAVA:159)\r\n	AT ORG.TUCKEY.WEB.FILTERS.URLREWRITE.RULECHAIN.DORULES(RULECHAIN.JAVA:141)\r\n	AT ORG.TUCKEY.WEB.FILTERS.URLREWRITE.URLREWRITER.PROCESSREQUEST(URLREWRITER.JAVA:90)\r\n	AT ORG.TUCKEY.WEB.FILTERS.URLREWRITE.URLREWRITEFILTER.DOFILTER(URLREWRITEFILTER.JAVA:417)\r\n	AT ORG.APACHE.CATALINA.CORE.APPLICATIONFILTERCHAIN.INTERNALDOFILTER(APPLICATIONFILTERCHAIN.JAVA:243)\r\n	AT ORG.APACHE.CATALINA.CORE.APPLICATIONFILTERCHAIN.DOFILTER(APPLICATIONFILTERCHAIN.JAVA:210)\r\n	AT ORG.SPRINGFRAMEWORK.WEB.FILTER.CHARACTERENCODINGFILTER.DOFILTERINTERNAL(CHARACTERENCODINGFILTER.JAVA:121)\r\n	AT ORG.SPRINGFRAMEWORK.WEB.FILTER.ONCEPERREQUESTFILTER.DOFILTER(ONCEPERREQUESTFILTER.JAVA:107)\r\n	AT ORG.APACHE.CATALINA.CORE.APPLICATIONFILTERCHAIN.INTERNALDOFILTER(APPLICATIONFILTERCHAIN.JAVA:243)\r\n	AT ORG.APACHE.CATALINA.CORE.APPLICATIONFILTERCHAIN.DOFILTER(APPLICATIONFILTERCHAIN.JAVA:210)\r\n	AT COM.OPENSYMPHONY.SITEMESH.WEBAPP.SITEMESHFILTER.DOFILTER(SITEMESHFILTER.JAVA:65)\r\n	AT ORG.APACHE.CATALINA.CORE.APPLICATIONFILTERCHAIN.INTERNALDOFILTER(APPLICATIONFILTERCHAIN.JAVA:243)\r\n	AT ORG.APACHE.CATALINA.CORE.APPLICATIONFILTERCHAIN.DOFILTER(APPLICATIONFILTERCHAIN.JAVA:210)\r\n	AT ORG.APACHE.CATALINA.CORE.STANDARDWRAPPERVALVE.INVOKE(STANDARDWRAPPERVALVE.JAVA:222)\r\n	AT ORG.APACHE.CATALINA.CORE.STANDARDCONTEXTVALVE.INVOKE(STANDARDCONTEXTVALVE.JAVA:123)\r\n	AT ORG.APACHE.CATALINA.AUTHENTICATOR.AUTHENTICATORBASE.INVOKE(AUTHENTICATORBASE.JAVA:472)\r\n	AT ORG.APACHE.CATALINA.CORE.STANDARDHOSTVALVE.INVOKE(STANDARDHOSTVALVE.JAVA:171)\r\n	AT ORG.APACHE.CATALINA.VALVES.ERRORREPORTVALVE.INVOKE(ERRORREPORTVALVE.JAVA:99)\r\n	AT ORG.APACHE.CATALINA.VALVES.ACCESSLOGVALVE.INVOKE(ACCESSLOGVALVE.JAVA:936)\r\n	AT ORG.APACHE.CATALINA.CORE.STANDARDENGINEVALVE.INVOKE(STANDARDENGINEVALVE.JAVA:118)\r\n	AT ORG.APACHE.CATALINA.CONNECTOR.COYOTEADAPTER.SERVICE(COYOTEADAPTER.JAVA:407)\r\n	AT ORG.APACHE.COYOTE.HTTP11.ABSTRACTHTTP11PROCESSOR.PROCESS(ABSTRACTHTTP11PROCESSOR.JAVA:1004)\r\n	AT ORG.APACHE.COYOTE.ABSTRACTPROTOCOL$ABSTRACTCONNECTIONHANDLER.PROCESS(ABSTRACTPROTOCOL.JAVA:589)\r\n	AT ORG.APACHE.TOMCAT.UTIL.NET.JIOENDPOINT$SOCKETPROCESSOR.RUN(JIOENDPOINT.JAVA:312)\r\n	AT JAVA.UTIL.CONCURRENT.THREADPOOLEXECUTOR.RUNWORKER(THREADPOOLEXECUTOR.JAVA:1142)\r\n	AT JAVA.UTIL.CONCURRENT.THREADPOOLEXECUTOR$WORKER.RUN(THREADPOOLEXECUTOR.JAVA:617)\r\n	AT JAVA.LANG.THREAD.RUN(THREAD.JAVA:745)', '修改功能');
INSERT INTO `LOG_ABF_OPERATE` VALUES ('OPERATELOG1505787423', 'ABF', 'update', '2017-10-16', 'succ', null, '系统管理员', 'admin', null, null, null, null, '/AcAppController/acFuncEdit', null, '修改功能');
INSERT INTO `LOG_ABF_OPERATE` VALUES ('OPERATELOG1505787424', 'ABF', 'update', '2017-10-16', 'succ', null, '系统管理员', 'admin', null, null, null, null, '/AcAppController/acFuncEdit', null, '修改功能');
INSERT INTO `LOG_ABF_OPERATE` VALUES ('OPERATELOG1505787425', 'ABF', 'update', '2017-10-16', 'succ', null, '系统管理员', 'admin', null, null, null, null, '/AcAppController/acFuncEdit', null, '修改功能');
INSERT INTO `LOG_ABF_OPERATE` VALUES ('OPERATELOG1505787426', 'ABF', 'update', '2017-10-16', 'succ', null, '系统管理员', 'admin', null, null, null, null, '/AcAppController/acFuncEdit', null, '修改功能');
INSERT INTO `LOG_ABF_OPERATE` VALUES ('OPERATELOG1505787427', 'ABF', 'update', '2017-10-16', 'succ', null, '系统管理员', 'admin', null, null, null, null, '/AcAppController/acFuncEdit', null, '修改功能');
INSERT INTO `LOG_ABF_OPERATE` VALUES ('OPERATELOG1505787428', 'ABF', 'add', '2017-10-16', 'succ', null, '系统管理员', 'admin', null, null, null, null, '/AcAppController/createAcFuncResource', null, '新增功能资源');
INSERT INTO `LOG_ABF_OPERATE` VALUES ('OPERATELOG1505787429', 'ABF', 'login', '2017-10-16', 'succ', null, '系统管理员', 'admin', null, null, null, null, '/AcAuthenticationController/login', null, '登录ABF');
INSERT INTO `LOG_ABF_OPERATE` VALUES ('OPERATELOG1505787430', 'ABF', 'update', '2017-10-16', 'succ', null, '系统管理员', 'admin', null, null, null, null, '/AcAppController/acFuncEdit', null, '修改功能');
INSERT INTO `LOG_ABF_OPERATE` VALUES ('OPERATELOG1505787431', 'ABF', 'login', '2017-10-16', 'succ', null, '系统管理员', 'admin', null, null, null, null, '/AcAuthenticationController/login', null, '登录ABF');
INSERT INTO `LOG_ABF_OPERATE` VALUES ('OPERATELOG1505787432', 'ABF', 'login', '2017-10-16', 'succ', null, '系统管理员', 'admin', null, null, null, null, '/AcAuthenticationController/login', null, '登录ABF');
INSERT INTO `LOG_ABF_OPERATE` VALUES ('OPERATELOG1505787433', 'ABF', 'login', '2017-10-16', 'fail', null, '', 'admin', null, null, null, null, '/AcAuthenticationController/login', 'PARAM \'IDENTITYGUID\' NOT ALLOW EMPTY!', '登录ABF');
INSERT INTO `LOG_ABF_OPERATE` VALUES ('OPERATELOG1505787434', 'ABF', 'login', '2017-10-16', 'succ', null, '系统管理员', 'admin', null, null, null, null, '/AcAuthenticationController/login', null, '登录ABF');
INSERT INTO `LOG_ABF_OPERATE` VALUES ('OPERATELOG1505787435', 'ABF', 'login', '2017-10-18', 'succ', null, '系统管理员', 'admin', null, null, null, null, '/AcAuthenticationController/login', null, '登录ABF');
INSERT INTO `LOG_ABF_OPERATE` VALUES ('OPERATELOG1505787436', 'ABF', 'update', '2017-10-18', 'succ', null, '系统管理员', 'admin', null, null, null, null, '/AcAppController/acFuncEdit', null, '修改功能');
INSERT INTO `LOG_ABF_OPERATE` VALUES ('OPERATELOG1505787437', 'ABF', 'login', '2017-10-18', 'fail', null, '', 'admin', null, null, null, null, '/AcAuthenticationController/login', 'PARAM \'IDENTITYGUID\' NOT ALLOW EMPTY!', '登录ABF');
INSERT INTO `LOG_ABF_OPERATE` VALUES ('OPERATELOG1505787438', 'ABF', 'login', '2017-10-18', 'succ', null, '系统管理员', 'admin', null, null, null, null, '/AcAuthenticationController/login', null, '登录ABF');
INSERT INTO `LOG_ABF_OPERATE` VALUES ('OPERATELOG1505787439', 'ABF', 'update', '2017-10-18', 'succ', null, '系统管理员', 'admin', null, null, null, null, '/AcAppController/acFuncEdit', null, '修改功能');
INSERT INTO `LOG_ABF_OPERATE` VALUES ('OPERATELOG1505787440', 'ABF', 'update', '2017-10-18', 'succ', null, '系统管理员', 'admin', null, null, null, null, '/AcAppController/acFuncEdit', null, '修改功能');
INSERT INTO `LOG_ABF_OPERATE` VALUES ('OPERATELOG1505787441', 'ABF', 'update', '2017-10-18', 'succ', null, '系统管理员', 'admin', null, null, null, null, '/AcAppController/acFuncEdit', null, '修改功能');
INSERT INTO `LOG_ABF_OPERATE` VALUES ('OPERATELOG1505787442', 'ABF', 'update', '2017-10-18', 'fail', null, '系统管理员', 'admin', null, null, null, null, '/AcAppController/acFuncEdit', 'LACK \'GUID\', WHEN UPDATE \'AC_FUNC\'!\r\n	AT ORG.TIS.TOOLS.RSERVICE.AC.CAPABLE.APPLICATIONRSERVICEIMPL.UPDATEACFUNC(APPLICATIONRSERVICEIMPL.JAVA:568)\r\n	AT COM.ALIBABA.DUBBO.COMMON.BYTECODE.WRAPPER1.INVOKEMETHOD(WRAPPER1.JAVA)\r\n	AT COM.ALIBABA.DUBBO.RPC.PROXY.JAVASSIST.JAVASSISTPROXYFACTORY$1.DOINVOKE(JAVASSISTPROXYFACTORY.JAVA:46)\r\n	AT COM.ALIBABA.DUBBO.RPC.PROXY.ABSTRACTPROXYINVOKER.INVOKE(ABSTRACTPROXYINVOKER.JAVA:72)\r\n	AT COM.ALIBABA.DUBBO.RPC.PROTOCOL.INVOKERWRAPPER.INVOKE(INVOKERWRAPPER.JAVA:53)\r\n	AT COM.ALIBABA.DUBBO.RPC.FILTER.EXCEPTIONFILTER.INVOKE(EXCEPTIONFILTER.JAVA:64)\r\n	AT COM.ALIBABA.DUBBO.RPC.PROTOCOL.PROTOCOLFILTERWRAPPER$1.INVOKE(PROTOCOLFILTERWRAPPER.JAVA:91)\r\n	AT COM.ALIBABA.DUBBO.MONITOR.SUPPORT.MONITORFILTER.INVOKE(MONITORFILTER.JAVA:65)\r\n	AT COM.ALIBABA.DUBBO.RPC.PROTOCOL.PROTOCOLFILTERWRAPPER$1.INVOKE(PROTOCOLFILTERWRAPPER.JAVA:91)\r\n	AT COM.ALIBABA.DUBBO.RPC.FILTER.TIMEOUTFILTER.INVOKE(TIMEOUTFILTER.JAVA:42)\r\n	AT COM.ALIBABA.DUBBO.RPC.PROTOCOL.PROTOCOLFILTERWRAPPER$1.INVOKE(PROTOCOLFILTERWRAPPER.JAVA:91)\r\n	AT COM.ALIBABA.DUBBO.RPC.PROTOCOL.DUBBO.FILTER.TRACEFILTER.INVOKE(TRACEFILTER.JAVA:78)\r\n	AT COM.ALIBABA.DUBBO.RPC.PROTOCOL.PROTOCOLFILTERWRAPPER$1.INVOKE(PROTOCOLFILTERWRAPPER.JAVA:91)\r\n	AT COM.ALIBABA.DUBBO.RPC.FILTER.CONTEXTFILTER.INVOKE(CONTEXTFILTER.JAVA:70)\r\n	AT COM.ALIBABA.DUBBO.RPC.PROTOCOL.PROTOCOLFILTERWRAPPER$1.INVOKE(PROTOCOLFILTERWRAPPER.JAVA:91)\r\n	AT COM.ALIBABA.DUBBO.RPC.FILTER.GENERICFILTER.INVOKE(GENERICFILTER.JAVA:132)\r\n	AT COM.ALIBABA.DUBBO.RPC.PROTOCOL.PROTOCOLFILTERWRAPPER$1.INVOKE(PROTOCOLFILTERWRAPPER.JAVA:91)\r\n	AT COM.ALIBABA.DUBBO.RPC.FILTER.CLASSLOADERFILTER.INVOKE(CLASSLOADERFILTER.JAVA:38)\r\n	AT COM.ALIBABA.DUBBO.RPC.PROTOCOL.PROTOCOLFILTERWRAPPER$1.INVOKE(PROTOCOLFILTERWRAPPER.JAVA:91)\r\n	AT COM.ALIBABA.DUBBO.RPC.FILTER.ECHOFILTER.INVOKE(ECHOFILTER.JAVA:38)\r\n	AT COM.ALIBABA.DUBBO.RPC.PROTOCOL.PROTOCOLFILTERWRAPPER$1.INVOKE(PROTOCOLFILTERWRAPPER.JAVA:91)\r\n	AT COM.ALIBABA.DUBBO.RPC.PROTOCOL.DUBBO.DUBBOPROTOCOL$1.REPLY(DUBBOPROTOCOL.JAVA:113)\r\n	AT COM.ALIBABA.DUBBO.REMOTING.EXCHANGE.SUPPORT.HEADER.HEADEREXCHANGEHANDLER.HANDLEREQUEST(HEADEREXCHANGEHANDLER.JAVA:84)\r\n	AT COM.ALIBABA.DUBBO.REMOTING.EXCHANGE.SUPPORT.HEADER.HEADEREXCHANGEHANDLER.RECEIVED(HEADEREXCHANGEHANDLER.JAVA:170)\r\n	AT COM.ALIBABA.DUBBO.REMOTING.TRANSPORT.DECODEHANDLER.RECEIVED(DECODEHANDLER.JAVA:52)\r\n	AT COM.ALIBABA.DUBBO.REMOTING.TRANSPORT.DISPATCHER.CHANNELEVENTRUNNABLE.RUN(CHANNELEVENTRUNNABLE.JAVA:82)\r\n	AT JAVA.UTIL.CONCURRENT.THREADPOOLEXECUTOR.RUNWORKER(THREADPOOLEXECUTOR.JAVA:1142)\r\n	AT JAVA.UTIL.CONCURRENT.THREADPOOLEXECUTOR$WORKER.RUN(THREADPOOLEXECUTOR.JAVA:617)\r\n	AT JAVA.LANG.THREAD.RUN(THREAD.JAVA:748)', '修改功能');
INSERT INTO `LOG_ABF_OPERATE` VALUES ('OPERATELOG1505787443', 'ABF', 'update', '2017-10-18', 'succ', null, '系统管理员', 'admin', null, null, null, null, '/AcAppController/acFuncEdit', null, '修改功能');
INSERT INTO `LOG_ABF_OPERATE` VALUES ('OPERATELOG1505787444', 'ABF', 'update', '2017-10-18', 'fail', null, '系统管理员', 'admin', null, null, null, null, '/AcAppController/acFuncEdit', 'LACK \'GUID\', WHEN UPDATE \'AC_FUNC\'!\r\n	AT ORG.TIS.TOOLS.RSERVICE.AC.CAPABLE.APPLICATIONRSERVICEIMPL.UPDATEACFUNC(APPLICATIONRSERVICEIMPL.JAVA:568)\r\n	AT COM.ALIBABA.DUBBO.COMMON.BYTECODE.WRAPPER1.INVOKEMETHOD(WRAPPER1.JAVA)\r\n	AT COM.ALIBABA.DUBBO.RPC.PROXY.JAVASSIST.JAVASSISTPROXYFACTORY$1.DOINVOKE(JAVASSISTPROXYFACTORY.JAVA:46)\r\n	AT COM.ALIBABA.DUBBO.RPC.PROXY.ABSTRACTPROXYINVOKER.INVOKE(ABSTRACTPROXYINVOKER.JAVA:72)\r\n	AT COM.ALIBABA.DUBBO.RPC.PROTOCOL.INVOKERWRAPPER.INVOKE(INVOKERWRAPPER.JAVA:53)\r\n	AT COM.ALIBABA.DUBBO.RPC.FILTER.EXCEPTIONFILTER.INVOKE(EXCEPTIONFILTER.JAVA:64)\r\n	AT COM.ALIBABA.DUBBO.RPC.PROTOCOL.PROTOCOLFILTERWRAPPER$1.INVOKE(PROTOCOLFILTERWRAPPER.JAVA:91)\r\n	AT COM.ALIBABA.DUBBO.MONITOR.SUPPORT.MONITORFILTER.INVOKE(MONITORFILTER.JAVA:65)\r\n	AT COM.ALIBABA.DUBBO.RPC.PROTOCOL.PROTOCOLFILTERWRAPPER$1.INVOKE(PROTOCOLFILTERWRAPPER.JAVA:91)\r\n	AT COM.ALIBABA.DUBBO.RPC.FILTER.TIMEOUTFILTER.INVOKE(TIMEOUTFILTER.JAVA:42)\r\n	AT COM.ALIBABA.DUBBO.RPC.PROTOCOL.PROTOCOLFILTERWRAPPER$1.INVOKE(PROTOCOLFILTERWRAPPER.JAVA:91)\r\n	AT COM.ALIBABA.DUBBO.RPC.PROTOCOL.DUBBO.FILTER.TRACEFILTER.INVOKE(TRACEFILTER.JAVA:78)\r\n	AT COM.ALIBABA.DUBBO.RPC.PROTOCOL.PROTOCOLFILTERWRAPPER$1.INVOKE(PROTOCOLFILTERWRAPPER.JAVA:91)\r\n	AT COM.ALIBABA.DUBBO.RPC.FILTER.CONTEXTFILTER.INVOKE(CONTEXTFILTER.JAVA:70)\r\n	AT COM.ALIBABA.DUBBO.RPC.PROTOCOL.PROTOCOLFILTERWRAPPER$1.INVOKE(PROTOCOLFILTERWRAPPER.JAVA:91)\r\n	AT COM.ALIBABA.DUBBO.RPC.FILTER.GENERICFILTER.INVOKE(GENERICFILTER.JAVA:132)\r\n	AT COM.ALIBABA.DUBBO.RPC.PROTOCOL.PROTOCOLFILTERWRAPPER$1.INVOKE(PROTOCOLFILTERWRAPPER.JAVA:91)\r\n	AT COM.ALIBABA.DUBBO.RPC.FILTER.CLASSLOADERFILTER.INVOKE(CLASSLOADERFILTER.JAVA:38)\r\n	AT COM.ALIBABA.DUBBO.RPC.PROTOCOL.PROTOCOLFILTERWRAPPER$1.INVOKE(PROTOCOLFILTERWRAPPER.JAVA:91)\r\n	AT COM.ALIBABA.DUBBO.RPC.FILTER.ECHOFILTER.INVOKE(ECHOFILTER.JAVA:38)\r\n	AT COM.ALIBABA.DUBBO.RPC.PROTOCOL.PROTOCOLFILTERWRAPPER$1.INVOKE(PROTOCOLFILTERWRAPPER.JAVA:91)\r\n	AT COM.ALIBABA.DUBBO.RPC.PROTOCOL.DUBBO.DUBBOPROTOCOL$1.REPLY(DUBBOPROTOCOL.JAVA:113)\r\n	AT COM.ALIBABA.DUBBO.REMOTING.EXCHANGE.SUPPORT.HEADER.HEADEREXCHANGEHANDLER.HANDLEREQUEST(HEADEREXCHANGEHANDLER.JAVA:84)\r\n	AT COM.ALIBABA.DUBBO.REMOTING.EXCHANGE.SUPPORT.HEADER.HEADEREXCHANGEHANDLER.RECEIVED(HEADEREXCHANGEHANDLER.JAVA:170)\r\n	AT COM.ALIBABA.DUBBO.REMOTING.TRANSPORT.DECODEHANDLER.RECEIVED(DECODEHANDLER.JAVA:52)\r\n	AT COM.ALIBABA.DUBBO.REMOTING.TRANSPORT.DISPATCHER.CHANNELEVENTRUNNABLE.RUN(CHANNELEVENTRUNNABLE.JAVA:82)\r\n	AT JAVA.UTIL.CONCURRENT.THREADPOOLEXECUTOR.RUNWORKER(THREADPOOLEXECUTOR.JAVA:1142)\r\n	AT JAVA.UTIL.CONCURRENT.THREADPOOLEXECUTOR$WORKER.RUN(THREADPOOLEXECUTOR.JAVA:617)\r\n	AT JAVA.LANG.THREAD.RUN(THREAD.JAVA:748)', '修改功能');
INSERT INTO `LOG_ABF_OPERATE` VALUES ('OPERATELOG1505787445', 'ABF', 'update', '2017-10-18', 'succ', null, '系统管理员', 'admin', null, null, null, null, '/AcAppController/acFuncEdit', null, '修改功能');
INSERT INTO `LOG_ABF_OPERATE` VALUES ('OPERATELOG1505787446', 'ABF', 'login', '2017-10-18', 'succ', null, '系统管理员', 'admin', null, null, null, null, '/AcAuthenticationController/login', null, '登录ABF');
INSERT INTO `LOG_ABF_OPERATE` VALUES ('OPERATELOG1505787447', 'ABF', 'update', '2017-10-18', 'fail', null, '系统管理员', 'admin', null, null, null, null, '/AcAppController/acFuncEdit', 'LACK \'GUID\', WHEN UPDATE \'AC_FUNC\'!\r\n	AT ORG.TIS.TOOLS.RSERVICE.AC.CAPABLE.APPLICATIONRSERVICEIMPL.UPDATEACFUNC(APPLICATIONRSERVICEIMPL.JAVA:568)\r\n	AT COM.ALIBABA.DUBBO.COMMON.BYTECODE.WRAPPER1.INVOKEMETHOD(WRAPPER1.JAVA)\r\n	AT COM.ALIBABA.DUBBO.RPC.PROXY.JAVASSIST.JAVASSISTPROXYFACTORY$1.DOINVOKE(JAVASSISTPROXYFACTORY.JAVA:46)\r\n	AT COM.ALIBABA.DUBBO.RPC.PROXY.ABSTRACTPROXYINVOKER.INVOKE(ABSTRACTPROXYINVOKER.JAVA:72)\r\n	AT COM.ALIBABA.DUBBO.RPC.PROTOCOL.INVOKERWRAPPER.INVOKE(INVOKERWRAPPER.JAVA:53)\r\n	AT COM.ALIBABA.DUBBO.RPC.FILTER.EXCEPTIONFILTER.INVOKE(EXCEPTIONFILTER.JAVA:64)\r\n	AT COM.ALIBABA.DUBBO.RPC.PROTOCOL.PROTOCOLFILTERWRAPPER$1.INVOKE(PROTOCOLFILTERWRAPPER.JAVA:91)\r\n	AT COM.ALIBABA.DUBBO.MONITOR.SUPPORT.MONITORFILTER.INVOKE(MONITORFILTER.JAVA:65)\r\n	AT COM.ALIBABA.DUBBO.RPC.PROTOCOL.PROTOCOLFILTERWRAPPER$1.INVOKE(PROTOCOLFILTERWRAPPER.JAVA:91)\r\n	AT COM.ALIBABA.DUBBO.RPC.FILTER.TIMEOUTFILTER.INVOKE(TIMEOUTFILTER.JAVA:42)\r\n	AT COM.ALIBABA.DUBBO.RPC.PROTOCOL.PROTOCOLFILTERWRAPPER$1.INVOKE(PROTOCOLFILTERWRAPPER.JAVA:91)\r\n	AT COM.ALIBABA.DUBBO.RPC.PROTOCOL.DUBBO.FILTER.TRACEFILTER.INVOKE(TRACEFILTER.JAVA:78)\r\n	AT COM.ALIBABA.DUBBO.RPC.PROTOCOL.PROTOCOLFILTERWRAPPER$1.INVOKE(PROTOCOLFILTERWRAPPER.JAVA:91)\r\n	AT COM.ALIBABA.DUBBO.RPC.FILTER.CONTEXTFILTER.INVOKE(CONTEXTFILTER.JAVA:70)\r\n	AT COM.ALIBABA.DUBBO.RPC.PROTOCOL.PROTOCOLFILTERWRAPPER$1.INVOKE(PROTOCOLFILTERWRAPPER.JAVA:91)\r\n	AT COM.ALIBABA.DUBBO.RPC.FILTER.GENERICFILTER.INVOKE(GENERICFILTER.JAVA:132)\r\n	AT COM.ALIBABA.DUBBO.RPC.PROTOCOL.PROTOCOLFILTERWRAPPER$1.INVOKE(PROTOCOLFILTERWRAPPER.JAVA:91)\r\n	AT COM.ALIBABA.DUBBO.RPC.FILTER.CLASSLOADERFILTER.INVOKE(CLASSLOADERFILTER.JAVA:38)\r\n	AT COM.ALIBABA.DUBBO.RPC.PROTOCOL.PROTOCOLFILTERWRAPPER$1.INVOKE(PROTOCOLFILTERWRAPPER.JAVA:91)\r\n	AT COM.ALIBABA.DUBBO.RPC.FILTER.ECHOFILTER.INVOKE(ECHOFILTER.JAVA:38)\r\n	AT COM.ALIBABA.DUBBO.RPC.PROTOCOL.PROTOCOLFILTERWRAPPER$1.INVOKE(PROTOCOLFILTERWRAPPER.JAVA:91)\r\n	AT COM.ALIBABA.DUBBO.RPC.PROTOCOL.DUBBO.DUBBOPROTOCOL$1.REPLY(DUBBOPROTOCOL.JAVA:113)\r\n	AT COM.ALIBABA.DUBBO.REMOTING.EXCHANGE.SUPPORT.HEADER.HEADEREXCHANGEHANDLER.HANDLEREQUEST(HEADEREXCHANGEHANDLER.JAVA:84)\r\n	AT COM.ALIBABA.DUBBO.REMOTING.EXCHANGE.SUPPORT.HEADER.HEADEREXCHANGEHANDLER.RECEIVED(HEADEREXCHANGEHANDLER.JAVA:170)\r\n	AT COM.ALIBABA.DUBBO.REMOTING.TRANSPORT.DECODEHANDLER.RECEIVED(DECODEHANDLER.JAVA:52)\r\n	AT COM.ALIBABA.DUBBO.REMOTING.TRANSPORT.DISPATCHER.CHANNELEVENTRUNNABLE.RUN(CHANNELEVENTRUNNABLE.JAVA:82)\r\n	AT JAVA.UTIL.CONCURRENT.THREADPOOLEXECUTOR.RUNWORKER(THREADPOOLEXECUTOR.JAVA:1142)\r\n	AT JAVA.UTIL.CONCURRENT.THREADPOOLEXECUTOR$WORKER.RUN(THREADPOOLEXECUTOR.JAVA:617)\r\n	AT JAVA.LANG.THREAD.RUN(THREAD.JAVA:748)', '修改功能');
INSERT INTO `LOG_ABF_OPERATE` VALUES ('OPERATELOG1505787448', 'ABF', 'update', '2017-10-18', 'succ', null, '系统管理员', 'admin', null, null, null, null, '/AcAppController/acFuncEdit', null, '修改功能');
INSERT INTO `LOG_ABF_OPERATE` VALUES ('OPERATELOG1505787449', 'ABF', 'update', '2017-10-18', 'succ', null, '系统管理员', 'admin', null, null, null, null, '/AcAppController/acFuncEdit', null, '修改功能');
INSERT INTO `LOG_ABF_OPERATE` VALUES ('OPERATELOG1505787450', 'ABF', 'update', '2017-10-18', 'succ', null, '系统管理员', 'admin', null, null, null, null, '/AcAppController/acFuncEdit', null, '修改功能');
INSERT INTO `LOG_ABF_OPERATE` VALUES ('OPERATELOG1505787451', 'ABF', 'login', '2017-10-18', 'fail', null, '', 'admin', null, null, null, null, '/AcAuthenticationController/login', 'PARAM \'IDENTITYGUID\' NOT ALLOW EMPTY!', '登录ABF');
INSERT INTO `LOG_ABF_OPERATE` VALUES ('OPERATELOG1505787452', 'ABF', 'login', '2017-10-18', 'succ', null, '系统管理员', 'admin', null, null, null, null, '/AcAuthenticationController/login', null, '登录ABF');
INSERT INTO `LOG_ABF_OPERATE` VALUES ('OPERATELOG1505787453', 'ABF', 'update', '2017-10-18', 'succ', null, '系统管理员', 'admin', null, null, null, null, '/AcAppController/acFuncEdit', null, '修改功能');
INSERT INTO `LOG_ABF_OPERATE` VALUES ('OPERATELOG1505787454', 'ABF', 'update', '2017-10-18', 'succ', null, '系统管理员', 'admin', null, null, null, null, '/AcAppController/acFuncEdit', null, '修改功能');
INSERT INTO `LOG_ABF_OPERATE` VALUES ('OPERATELOG1505787455', 'ABF', 'update', '2017-10-18', 'succ', null, '系统管理员', 'admin', null, null, null, null, '/AcAppController/acFuncEdit', null, '修改功能');
INSERT INTO `LOG_ABF_OPERATE` VALUES ('OPERATELOG1505787456', 'ABF', 'update', '2017-10-18', 'succ', null, '系统管理员', 'admin', null, null, null, null, '/AcAppController/acFuncEdit', null, '修改功能');
INSERT INTO `LOG_ABF_OPERATE` VALUES ('OPERATELOG1505787457', 'ABF', 'update', '2017-10-18', 'succ', null, '系统管理员', 'admin', null, null, null, null, '/AcAppController/acFuncEdit', null, '修改功能');
INSERT INTO `LOG_ABF_OPERATE` VALUES ('OPERATELOG1505787458', 'ABF', 'update', '2017-10-18', 'succ', null, '系统管理员', 'admin', null, null, null, null, '/AcAppController/acFuncEdit', null, '修改功能');
INSERT INTO `LOG_ABF_OPERATE` VALUES ('OPERATELOG1505787459', 'ABF', 'login', '2017-10-18', 'succ', null, '系统管理员', 'admin', null, null, null, null, '/AcAuthenticationController/login', null, '登录ABF');
INSERT INTO `LOG_ABF_OPERATE` VALUES ('OPERATELOG1505787460', 'ABF', 'update', '2017-10-18', 'succ', null, '系统管理员', 'admin', null, null, null, null, '/AcAppController/acFuncEdit', null, '修改功能');
INSERT INTO `LOG_ABF_OPERATE` VALUES ('OPERATELOG1505787461', 'ABF', 'update', '2017-10-18', 'succ', null, '系统管理员', 'admin', null, null, null, null, '/AcAppController/acFuncEdit', null, '修改功能');
INSERT INTO `LOG_ABF_OPERATE` VALUES ('OPERATELOG1505787462', 'ABF', 'update', '2017-10-18', 'succ', null, '系统管理员', 'admin', null, null, null, null, '/AcAppController/acFuncEdit', null, '修改功能');
INSERT INTO `LOG_ABF_OPERATE` VALUES ('OPERATELOG1505787463', 'ABF', 'update', '2017-10-18', 'succ', null, '系统管理员', 'admin', null, null, null, null, '/AcAppController/acFuncEdit', null, '修改功能');
INSERT INTO `LOG_ABF_OPERATE` VALUES ('OPERATELOG1505787464', 'ABF', 'update', '2017-10-18', 'succ', null, '系统管理员', 'admin', null, null, null, null, '/AcAppController/acFuncEdit', null, '修改功能');
INSERT INTO `LOG_ABF_OPERATE` VALUES ('OPERATELOG1505787465', 'ABF', 'update', '2017-10-18', 'succ', null, '系统管理员', 'admin', null, null, null, null, '/AcAppController/acFuncEdit', null, '修改功能');
INSERT INTO `LOG_ABF_OPERATE` VALUES ('OPERATELOG1505787466', 'ABF', 'update', '2017-10-18', 'succ', null, '系统管理员', 'admin', null, null, null, null, '/AcAppController/acFuncEdit', null, '修改功能');
INSERT INTO `LOG_ABF_OPERATE` VALUES ('OPERATELOG1505787467', 'ABF', 'update', '2017-10-18', 'fail', null, '系统管理员', 'admin', null, null, null, null, '/AcAppController/acFuncEdit', 'FAILURE WHEN UPDATE \'AC_FUNC\', CAUSE \'ORG.SPRINGFRAMEWORK.DAO.DUPLICATEKEYEXCEPTION: \n### ERROR UPDATING DATABASE.  CAUSE: COM.MYSQL.JDBC.EXCEPTIONS.JDBC4.MYSQLINTEGRITYCONSTRAINTVIOLATIONEXCEPTION: DUPLICATE ENTRY \'1\' FOR KEY \'FUNC_CODE\'\n### THE ERROR MAY INVOLVE ORG.TIS.TOOLS.DAO.AC.ACFUNCMAPPER.UPDATE-INLINE\n### THE ERROR OCCURRED WHILE SETTING PARAMETERS\n### SQL: UPDATE AC_FUNC        SET GUID = ?,          GUID_FUNCGROUP = ?,          FUNC_CODE = ?,          FUNC_NAME = ?,          FUNC_DESC = ?,          FUNC_ACTION = ?,          PARA_INFO = ?,          FUNC_TYPE = ?,          GUID_BHVTYPE_DEF = ?,          ISCHECK = ?,          ISMENU = ?       WHERE GUID = ?\n### CAUSE: COM.MYSQL.JDBC.EXCEPTIONS.JDBC4.MYSQLINTEGRITYCONSTRAINTVIOLATIONEXCEPTION: DUPLICATE ENTRY \'1\' FOR KEY \'FUNC_CODE\'\n; SQL []; DUPLICATE ENTRY \'1\' FOR KEY \'FUNC_CODE\'; NESTED EXCEPTION IS COM.MYSQL.JDBC.EXCEPTIONS.JDBC4.MYSQLINTEGRITYCONSTRAINTVIOLATIONEXCEPTION: DUPLICATE ENTRY \'1\' FOR KEY \'FUNC_CODE\'\'!\r\n	AT ORG.TIS.TOOLS.RSERVICE.AC.CAPABLE.APPLICATIONRSERVICEIMPL.UPDATEACFUNC(APPLICATIONRSERVICEIMPL.JAVA:576)\r\n	AT COM.ALIBABA.DUBBO.COMMON.BYTECODE.WRAPPER1.INVOKEMETHOD(WRAPPER1.JAVA)\r\n	AT COM.ALIBABA.DUBBO.RPC.PROXY.JAVASSIST.JAVASSISTPROXYFACTORY$1.DOINVOKE(JAVASSISTPROXYFACTORY.JAVA:46)\r\n	AT COM.ALIBABA.DUBBO.RPC.PROXY.ABSTRACTPROXYINVOKER.INVOKE(ABSTRACTPROXYINVOKER.JAVA:72)\r\n	AT COM.ALIBABA.DUBBO.RPC.PROTOCOL.INVOKERWRAPPER.INVOKE(INVOKERWRAPPER.JAVA:53)\r\n	AT COM.ALIBABA.DUBBO.RPC.FILTER.EXCEPTIONFILTER.INVOKE(EXCEPTIONFILTER.JAVA:64)\r\n	AT COM.ALIBABA.DUBBO.RPC.PROTOCOL.PROTOCOLFILTERWRAPPER$1.INVOKE(PROTOCOLFILTERWRAPPER.JAVA:91)\r\n	AT COM.ALIBABA.DUBBO.MONITOR.SUPPORT.MONITORFILTER.INVOKE(MONITORFILTER.JAVA:65)\r\n	AT COM.ALIBABA.DUBBO.RPC.PROTOCOL.PROTOCOLFILTERWRAPPER$1.INVOKE(PROTOCOLFILTERWRAPPER.JAVA:91)\r\n	AT COM.ALIBABA.DUBBO.RPC.FILTER.TIMEOUTFILTER.INVOKE(TIMEOUTFILTER.JAVA:42)\r\n	AT COM.ALIBABA.DUBBO.RPC.PROTOCOL.PROTOCOLFILTERWRAPPER$1.INVOKE(PROTOCOLFILTERWRAPPER.JAVA:91)\r\n	AT COM.ALIBABA.DUBBO.RPC.PROTOCOL.DUBBO.FILTER.TRACEFILTER.INVOKE(TRACEFILTER.JAVA:78)\r\n	AT COM.ALIBABA.DUBBO.RPC.PROTOCOL.PROTOCOLFILTERWRAPPER$1.INVOKE(PROTOCOLFILTERWRAPPER.JAVA:91)\r\n	AT COM.ALIBABA.DUBBO.RPC.FILTER.CONTEXTFILTER.INVOKE(CONTEXTFILTER.JAVA:70)\r\n	AT COM.ALIBABA.DUBBO.RPC.PROTOCOL.PROTOCOLFILTERWRAPPER$1.INVOKE(PROTOCOLFILTERWRAPPER.JAVA:91)\r\n	AT COM.ALIBABA.DUBBO.RPC.FILTER.GENERICFILTER.INVOKE(GENERICFILTER.JAVA:132)\r\n	AT COM.ALIBABA.DUBBO.RPC.PROTOCOL.PROTOCOLFILTERWRAPPER$1.INVOKE(PROTOCOLFILTERWRAPPER.JAVA:91)\r\n	AT COM.ALIBABA.DUBBO.RPC.FILTER.CLASSLOADERFILTER.INVOKE(CLASSLOADERFILTER.JAVA:38)\r\n	AT COM.ALIBABA.DUBBO.RPC.PROTOCOL.PROTOCOLFILTERWRAPPER$1.INVOKE(PROTOCOLFILTERWRAPPER.JAVA:91)\r\n	AT COM.ALIBABA.DUBBO.RPC.FILTER.ECHOFILTER.INVOKE(ECHOFILTER.JAVA:38)\r\n	AT COM.ALIBABA.DUBBO.RPC.PROTOCOL.PROTOCOLFILTERWRAPPER$1.INVOKE(PROTOCOLFILTERWRAPPER.JAVA:91)\r\n	AT COM.ALIBABA.DUBBO.RPC.PROTOCOL.DUBBO.DUBBOPROTOCOL$1.REPLY(DUBBOPROTOCOL.JAVA:113)\r\n	AT COM.ALIBABA.DUBBO.REMOTING.EXCHANGE.SUPPORT.HEADER.HEADEREXCHANGEHANDLER.HANDLEREQUEST(HEADEREXCHANGEHANDLER.JAVA:84)\r\n	AT COM.ALIBABA.DUBBO.REMOTING.EXCHANGE.SUPPORT.HEADER.HEADEREXCHANGEHANDLER.RECEIVED(HEADEREXCHANGEHANDLER.JAVA:170)\r\n	AT COM.ALIBABA.DUBBO.REMOTING.TRANSPORT.DECODEHANDLER.RECEIVED(DECODEHANDLER.JAVA:52)\r\n	AT COM.ALIBABA.DUBBO.REMOTING.TRANSPORT.DISPATCHER.CHANNELEVENTRUNNABLE.RUN(CHANNELEVENTRUNNABLE.JAVA:82)\r\n	AT JAVA.UTIL.CONCURRENT.THREADPOOLEXECUTOR.RUNWORKER(THREADPOOLEXECUTOR.JAVA:1142)\r\n	AT JAVA.UTIL.CONCURRENT.THREADPOOLEXECUTOR$WORKER.RUN(THREADPOOLEXECUTOR.JAVA:617)\r\n	AT JAVA.LANG.THREAD.RUN(THREAD.JAVA:748)', '修改功能');
INSERT INTO `LOG_ABF_OPERATE` VALUES ('OPERATELOG1505787468', 'ABF', 'update', '2017-10-18', 'fail', null, '系统管理员', 'admin', null, null, null, null, '/AcAppController/acFuncEdit', 'FAILURE WHEN UPDATE \'AC_FUNC\', CAUSE \'ORG.SPRINGFRAMEWORK.DAO.DUPLICATEKEYEXCEPTION: \n### ERROR UPDATING DATABASE.  CAUSE: COM.MYSQL.JDBC.EXCEPTIONS.JDBC4.MYSQLINTEGRITYCONSTRAINTVIOLATIONEXCEPTION: DUPLICATE ENTRY \'1\' FOR KEY \'FUNC_CODE\'\n### THE ERROR MAY INVOLVE ORG.TIS.TOOLS.DAO.AC.ACFUNCMAPPER.UPDATE-INLINE\n### THE ERROR OCCURRED WHILE SETTING PARAMETERS\n### SQL: UPDATE AC_FUNC        SET GUID = ?,          GUID_FUNCGROUP = ?,          FUNC_CODE = ?,          FUNC_NAME = ?,          FUNC_DESC = ?,          FUNC_ACTION = ?,          PARA_INFO = ?,          FUNC_TYPE = ?,          GUID_BHVTYPE_DEF = ?,          ISCHECK = ?,          ISMENU = ?       WHERE GUID = ?\n### CAUSE: COM.MYSQL.JDBC.EXCEPTIONS.JDBC4.MYSQLINTEGRITYCONSTRAINTVIOLATIONEXCEPTION: DUPLICATE ENTRY \'1\' FOR KEY \'FUNC_CODE\'\n; SQL []; DUPLICATE ENTRY \'1\' FOR KEY \'FUNC_CODE\'; NESTED EXCEPTION IS COM.MYSQL.JDBC.EXCEPTIONS.JDBC4.MYSQLINTEGRITYCONSTRAINTVIOLATIONEXCEPTION: DUPLICATE ENTRY \'1\' FOR KEY \'FUNC_CODE\'\'!\r\n	AT ORG.TIS.TOOLS.RSERVICE.AC.CAPABLE.APPLICATIONRSERVICEIMPL.UPDATEACFUNC(APPLICATIONRSERVICEIMPL.JAVA:576)\r\n	AT COM.ALIBABA.DUBBO.COMMON.BYTECODE.WRAPPER1.INVOKEMETHOD(WRAPPER1.JAVA)\r\n	AT COM.ALIBABA.DUBBO.RPC.PROXY.JAVASSIST.JAVASSISTPROXYFACTORY$1.DOINVOKE(JAVASSISTPROXYFACTORY.JAVA:46)\r\n	AT COM.ALIBABA.DUBBO.RPC.PROXY.ABSTRACTPROXYINVOKER.INVOKE(ABSTRACTPROXYINVOKER.JAVA:72)\r\n	AT COM.ALIBABA.DUBBO.RPC.PROTOCOL.INVOKERWRAPPER.INVOKE(INVOKERWRAPPER.JAVA:53)\r\n	AT COM.ALIBABA.DUBBO.RPC.FILTER.EXCEPTIONFILTER.INVOKE(EXCEPTIONFILTER.JAVA:64)\r\n	AT COM.ALIBABA.DUBBO.RPC.PROTOCOL.PROTOCOLFILTERWRAPPER$1.INVOKE(PROTOCOLFILTERWRAPPER.JAVA:91)\r\n	AT COM.ALIBABA.DUBBO.MONITOR.SUPPORT.MONITORFILTER.INVOKE(MONITORFILTER.JAVA:65)\r\n	AT COM.ALIBABA.DUBBO.RPC.PROTOCOL.PROTOCOLFILTERWRAPPER$1.INVOKE(PROTOCOLFILTERWRAPPER.JAVA:91)\r\n	AT COM.ALIBABA.DUBBO.RPC.FILTER.TIMEOUTFILTER.INVOKE(TIMEOUTFILTER.JAVA:42)\r\n	AT COM.ALIBABA.DUBBO.RPC.PROTOCOL.PROTOCOLFILTERWRAPPER$1.INVOKE(PROTOCOLFILTERWRAPPER.JAVA:91)\r\n	AT COM.ALIBABA.DUBBO.RPC.PROTOCOL.DUBBO.FILTER.TRACEFILTER.INVOKE(TRACEFILTER.JAVA:78)\r\n	AT COM.ALIBABA.DUBBO.RPC.PROTOCOL.PROTOCOLFILTERWRAPPER$1.INVOKE(PROTOCOLFILTERWRAPPER.JAVA:91)\r\n	AT COM.ALIBABA.DUBBO.RPC.FILTER.CONTEXTFILTER.INVOKE(CONTEXTFILTER.JAVA:70)\r\n	AT COM.ALIBABA.DUBBO.RPC.PROTOCOL.PROTOCOLFILTERWRAPPER$1.INVOKE(PROTOCOLFILTERWRAPPER.JAVA:91)\r\n	AT COM.ALIBABA.DUBBO.RPC.FILTER.GENERICFILTER.INVOKE(GENERICFILTER.JAVA:132)\r\n	AT COM.ALIBABA.DUBBO.RPC.PROTOCOL.PROTOCOLFILTERWRAPPER$1.INVOKE(PROTOCOLFILTERWRAPPER.JAVA:91)\r\n	AT COM.ALIBABA.DUBBO.RPC.FILTER.CLASSLOADERFILTER.INVOKE(CLASSLOADERFILTER.JAVA:38)\r\n	AT COM.ALIBABA.DUBBO.RPC.PROTOCOL.PROTOCOLFILTERWRAPPER$1.INVOKE(PROTOCOLFILTERWRAPPER.JAVA:91)\r\n	AT COM.ALIBABA.DUBBO.RPC.FILTER.ECHOFILTER.INVOKE(ECHOFILTER.JAVA:38)\r\n	AT COM.ALIBABA.DUBBO.RPC.PROTOCOL.PROTOCOLFILTERWRAPPER$1.INVOKE(PROTOCOLFILTERWRAPPER.JAVA:91)\r\n	AT COM.ALIBABA.DUBBO.RPC.PROTOCOL.DUBBO.DUBBOPROTOCOL$1.REPLY(DUBBOPROTOCOL.JAVA:113)\r\n	AT COM.ALIBABA.DUBBO.REMOTING.EXCHANGE.SUPPORT.HEADER.HEADEREXCHANGEHANDLER.HANDLEREQUEST(HEADEREXCHANGEHANDLER.JAVA:84)\r\n	AT COM.ALIBABA.DUBBO.REMOTING.EXCHANGE.SUPPORT.HEADER.HEADEREXCHANGEHANDLER.RECEIVED(HEADEREXCHANGEHANDLER.JAVA:170)\r\n	AT COM.ALIBABA.DUBBO.REMOTING.TRANSPORT.DECODEHANDLER.RECEIVED(DECODEHANDLER.JAVA:52)\r\n	AT COM.ALIBABA.DUBBO.REMOTING.TRANSPORT.DISPATCHER.CHANNELEVENTRUNNABLE.RUN(CHANNELEVENTRUNNABLE.JAVA:82)\r\n	AT JAVA.UTIL.CONCURRENT.THREADPOOLEXECUTOR.RUNWORKER(THREADPOOLEXECUTOR.JAVA:1142)\r\n	AT JAVA.UTIL.CONCURRENT.THREADPOOLEXECUTOR$WORKER.RUN(THREADPOOLEXECUTOR.JAVA:617)\r\n	AT JAVA.LANG.THREAD.RUN(THREAD.JAVA:748)', '修改功能');
INSERT INTO `LOG_ABF_OPERATE` VALUES ('OPERATELOG1505787469', 'ABF', 'update', '2017-10-18', 'fail', null, '系统管理员', 'admin', null, null, null, null, '/AcAppController/acFuncEdit', 'FAILURE WHEN UPDATE \'AC_FUNC\', CAUSE \'ORG.SPRINGFRAMEWORK.DAO.DUPLICATEKEYEXCEPTION: \n### ERROR UPDATING DATABASE.  CAUSE: COM.MYSQL.JDBC.EXCEPTIONS.JDBC4.MYSQLINTEGRITYCONSTRAINTVIOLATIONEXCEPTION: DUPLICATE ENTRY \'1\' FOR KEY \'FUNC_CODE\'\n### THE ERROR MAY INVOLVE ORG.TIS.TOOLS.DAO.AC.ACFUNCMAPPER.UPDATE-INLINE\n### THE ERROR OCCURRED WHILE SETTING PARAMETERS\n### SQL: UPDATE AC_FUNC        SET GUID = ?,          GUID_FUNCGROUP = ?,          FUNC_CODE = ?,          FUNC_NAME = ?,          FUNC_DESC = ?,          FUNC_ACTION = ?,          PARA_INFO = ?,          FUNC_TYPE = ?,          GUID_BHVTYPE_DEF = ?,          ISCHECK = ?,          ISMENU = ?       WHERE GUID = ?\n### CAUSE: COM.MYSQL.JDBC.EXCEPTIONS.JDBC4.MYSQLINTEGRITYCONSTRAINTVIOLATIONEXCEPTION: DUPLICATE ENTRY \'1\' FOR KEY \'FUNC_CODE\'\n; SQL []; DUPLICATE ENTRY \'1\' FOR KEY \'FUNC_CODE\'; NESTED EXCEPTION IS COM.MYSQL.JDBC.EXCEPTIONS.JDBC4.MYSQLINTEGRITYCONSTRAINTVIOLATIONEXCEPTION: DUPLICATE ENTRY \'1\' FOR KEY \'FUNC_CODE\'\'!\r\n	AT ORG.TIS.TOOLS.RSERVICE.AC.CAPABLE.APPLICATIONRSERVICEIMPL.UPDATEACFUNC(APPLICATIONRSERVICEIMPL.JAVA:576)\r\n	AT COM.ALIBABA.DUBBO.COMMON.BYTECODE.WRAPPER1.INVOKEMETHOD(WRAPPER1.JAVA)\r\n	AT COM.ALIBABA.DUBBO.RPC.PROXY.JAVASSIST.JAVASSISTPROXYFACTORY$1.DOINVOKE(JAVASSISTPROXYFACTORY.JAVA:46)\r\n	AT COM.ALIBABA.DUBBO.RPC.PROXY.ABSTRACTPROXYINVOKER.INVOKE(ABSTRACTPROXYINVOKER.JAVA:72)\r\n	AT COM.ALIBABA.DUBBO.RPC.PROTOCOL.INVOKERWRAPPER.INVOKE(INVOKERWRAPPER.JAVA:53)\r\n	AT COM.ALIBABA.DUBBO.RPC.FILTER.EXCEPTIONFILTER.INVOKE(EXCEPTIONFILTER.JAVA:64)\r\n	AT COM.ALIBABA.DUBBO.RPC.PROTOCOL.PROTOCOLFILTERWRAPPER$1.INVOKE(PROTOCOLFILTERWRAPPER.JAVA:91)\r\n	AT COM.ALIBABA.DUBBO.MONITOR.SUPPORT.MONITORFILTER.INVOKE(MONITORFILTER.JAVA:65)\r\n	AT COM.ALIBABA.DUBBO.RPC.PROTOCOL.PROTOCOLFILTERWRAPPER$1.INVOKE(PROTOCOLFILTERWRAPPER.JAVA:91)\r\n	AT COM.ALIBABA.DUBBO.RPC.FILTER.TIMEOUTFILTER.INVOKE(TIMEOUTFILTER.JAVA:42)\r\n	AT COM.ALIBABA.DUBBO.RPC.PROTOCOL.PROTOCOLFILTERWRAPPER$1.INVOKE(PROTOCOLFILTERWRAPPER.JAVA:91)\r\n	AT COM.ALIBABA.DUBBO.RPC.PROTOCOL.DUBBO.FILTER.TRACEFILTER.INVOKE(TRACEFILTER.JAVA:78)\r\n	AT COM.ALIBABA.DUBBO.RPC.PROTOCOL.PROTOCOLFILTERWRAPPER$1.INVOKE(PROTOCOLFILTERWRAPPER.JAVA:91)\r\n	AT COM.ALIBABA.DUBBO.RPC.FILTER.CONTEXTFILTER.INVOKE(CONTEXTFILTER.JAVA:70)\r\n	AT COM.ALIBABA.DUBBO.RPC.PROTOCOL.PROTOCOLFILTERWRAPPER$1.INVOKE(PROTOCOLFILTERWRAPPER.JAVA:91)\r\n	AT COM.ALIBABA.DUBBO.RPC.FILTER.GENERICFILTER.INVOKE(GENERICFILTER.JAVA:132)\r\n	AT COM.ALIBABA.DUBBO.RPC.PROTOCOL.PROTOCOLFILTERWRAPPER$1.INVOKE(PROTOCOLFILTERWRAPPER.JAVA:91)\r\n	AT COM.ALIBABA.DUBBO.RPC.FILTER.CLASSLOADERFILTER.INVOKE(CLASSLOADERFILTER.JAVA:38)\r\n	AT COM.ALIBABA.DUBBO.RPC.PROTOCOL.PROTOCOLFILTERWRAPPER$1.INVOKE(PROTOCOLFILTERWRAPPER.JAVA:91)\r\n	AT COM.ALIBABA.DUBBO.RPC.FILTER.ECHOFILTER.INVOKE(ECHOFILTER.JAVA:38)\r\n	AT COM.ALIBABA.DUBBO.RPC.PROTOCOL.PROTOCOLFILTERWRAPPER$1.INVOKE(PROTOCOLFILTERWRAPPER.JAVA:91)\r\n	AT COM.ALIBABA.DUBBO.RPC.PROTOCOL.DUBBO.DUBBOPROTOCOL$1.REPLY(DUBBOPROTOCOL.JAVA:113)\r\n	AT COM.ALIBABA.DUBBO.REMOTING.EXCHANGE.SUPPORT.HEADER.HEADEREXCHANGEHANDLER.HANDLEREQUEST(HEADEREXCHANGEHANDLER.JAVA:84)\r\n	AT COM.ALIBABA.DUBBO.REMOTING.EXCHANGE.SUPPORT.HEADER.HEADEREXCHANGEHANDLER.RECEIVED(HEADEREXCHANGEHANDLER.JAVA:170)\r\n	AT COM.ALIBABA.DUBBO.REMOTING.TRANSPORT.DECODEHANDLER.RECEIVED(DECODEHANDLER.JAVA:52)\r\n	AT COM.ALIBABA.DUBBO.REMOTING.TRANSPORT.DISPATCHER.CHANNELEVENTRUNNABLE.RUN(CHANNELEVENTRUNNABLE.JAVA:82)\r\n	AT JAVA.UTIL.CONCURRENT.THREADPOOLEXECUTOR.RUNWORKER(THREADPOOLEXECUTOR.JAVA:1142)\r\n	AT JAVA.UTIL.CONCURRENT.THREADPOOLEXECUTOR$WORKER.RUN(THREADPOOLEXECUTOR.JAVA:617)\r\n	AT JAVA.LANG.THREAD.RUN(THREAD.JAVA:748)', '修改功能');
INSERT INTO `LOG_ABF_OPERATE` VALUES ('OPERATELOG1505787470', 'ABF', 'update', '2017-10-18', 'succ', null, '系统管理员', 'admin', null, null, null, null, '/AcAppController/acFuncEdit', null, '修改功能');
INSERT INTO `LOG_ABF_OPERATE` VALUES ('OPERATELOG1505787472', 'ABF', 'login', '2017-10-19', 'succ', null, '系统管理员', 'admin', null, null, null, null, '/AcAuthenticationController/login', null, '登录ABF');
INSERT INTO `LOG_ABF_OPERATE` VALUES ('OPERATELOG1505787473', 'ABF', 'update', '2017-10-19', 'succ', null, '系统管理员', 'admin', null, null, null, null, '/AcAppController/acFuncEdit', null, '修改功能');
INSERT INTO `LOG_ABF_OPERATE` VALUES ('OPERATELOG1505787474', 'ABF', 'update', '2017-10-19', 'succ', null, '系统管理员', 'admin', null, null, null, null, '/AcAppController/acFuncEdit', null, '修改功能');
INSERT INTO `LOG_ABF_OPERATE` VALUES ('OPERATELOG1505787475', 'ABF', 'login', '2017-10-19', 'succ', null, '系统管理员', 'admin', null, null, null, null, '/AcAuthenticationController/login', null, '登录ABF');
INSERT INTO `LOG_ABF_OPERATE` VALUES ('OPERATELOG1505787476', 'ABF', 'update', '2017-10-19', 'succ', null, '系统管理员', 'admin', null, null, null, null, '/AcAppController/acFuncEdit', null, '修改功能');
INSERT INTO `LOG_ABF_OPERATE` VALUES ('OPERATELOG1505787477', 'ABF', 'update', '2017-10-19', 'succ', null, '系统管理员', 'admin', null, null, null, null, '/AcAppController/acFuncEdit', null, '修改功能');
