INSERT INTO `AC_APP` VALUES ('APP1499956132', 'APP01', 'ABF', 'local', 'Y', '2017-09-25 00:00:00', '192.168.2.202', '应用管理的描述', 'EMPLOYEE1503319028', 'ROLE1502354676', null, null, null, '192.168.2.202', '8090');


INSERT INTO `AC_FUNCGROUP` VALUES ('FUNCGROUP1500544714', 'APP1499956132', '应用管理', null, '1', 'APP1499956132.FUNCGROUP1500544714', 'Y', '0');
INSERT INTO `AC_FUNCGROUP` VALUES ('FUNCGROUP1500544715', 'APP1499956132', '组织机构管理', 'FUNCGROUP1500544714', '1', 'APP1499956132.FUNCGROUP1500544714.FUNCGROUP1500544715', 'Y', '0');
INSERT INTO `AC_FUNCGROUP` VALUES ('FUNCGROUP1500544716', 'APP1499956132', '权限管理', 'FUNCGROUP1500544714', '1', 'APP1499956132.FUNCGROUP1500544714.FUNCGROUP1500544716', 'Y', '0');
INSERT INTO `AC_FUNCGROUP` VALUES ('FUNCGROUP1500544717', 'APP1499956132', '操作员管理', 'FUNCGROUP1500544714', '1', 'APP1499956132.FUNCGROUP1500544714.FUNCGROUP1500544717', 'Y', '0');
INSERT INTO `AC_FUNCGROUP` VALUES ('FUNCGROUP1500544718', 'APP1499956132', '其他管理', 'FUNCGROUP1500544714', '1', 'APP1499956132.FUNCGROUP1500544714.FUNCGROUP1500544718', 'Y', '0');
INSERT INTO `AC_FUNCGROUP` VALUES ('FUNCGROUP1506175723', 'APP1506175709', '功能组1', null, '1', 'APP1506175709.FUNCGROUP1506175723', 'Y', '0');



INSERT INTO `AC_FUNC` VALUES ('FUNC1499074825', 'FUNCGROUP1499074562', 'FSA112201', '组织机构功能', null, '192.168.2.202', '测试', 'a', 'y', 'n');
INSERT INTO `AC_FUNC` VALUES ('FUNC1499956281', 'FUNCGROUP1499956151', 'FUN001', '组织机构管理', '组织机构管理', '192.168.2.202', '192.168.2.202', 's', 'n', 'n');
INSERT INTO `AC_FUNC` VALUES ('FUNC1499956291', 'FUNCGROUP1499956151', 'FUN00001', '员工管理', '员工管理', '192.168.2.202', '1231231192.168.2.202', 's', 'n', 's');
INSERT INTO `AC_FUNC` VALUES ('FUNC1499956292', 'FUNCGROUP1499956151', 'FUNf002', '业务机构', '业务机构', '192.168.2.202', '192.168.2.202', 's', 'n', 's');
INSERT INTO `AC_FUNC` VALUES ('FUNC1499956293', 'FUNCGROUP1499956151', 'FUN00023', '工作组', '工作组', '192.168.2.202', '192.168.2.202', 's', 'n', 's');
INSERT INTO `AC_FUNC` VALUES ('FUNC1499956294', 'FUNCGROUP1499956151', 'FUN020', '职务定义', '职务定义', '192.168.2.202', '192.168.2.202', 's', 'n', 's');
INSERT INTO `AC_FUNC` VALUES ('FUNC1499956295', 'FUNCGROUP1499956152', 'FUNAp01', '应用功能管理', null, '192.168.2.202', '192.168.2.202', 's', 'n', 's');
INSERT INTO `AC_FUNC` VALUES ('FUNC1499956296', 'FUNCGROUP1499956152', 'FUNmenu001', '菜单管理', null, '192.168.2.202', '192.168.2.202', 's', 'n', 's');
INSERT INTO `AC_FUNC` VALUES ('FUNC1499956297', 'FUNCGROUP1499956152', 'FUN0111', '功能行为类型定义', null, '192.168.2.202', '192.168.2.202', 'a', 'n', 's');
INSERT INTO `AC_FUNC` VALUES ('FUNC1499956301', 'FUNCGROUP1499956152', 'FUN020221', '角色管理', null, '192.168.2.202', '192.168.2.202', 's', 'n', 's');
INSERT INTO `AC_FUNC` VALUES ('FUNC1499956302', 'FUNCGROUP1499956153', 'FUNc101', '操作员管理', null, '192.168.2.202', '操作员管理', 's', 'n', 's');
INSERT INTO `AC_FUNC` VALUES ('FUNC1499956303', 'FUNCGROUP1499956153', 'FUN1001', '个性化配置', null, '192.168.2.202', '192.168.2.202', 's', 'n', 's');
INSERT INTO `AC_FUNC` VALUES ('FUNC1499956304', 'FUNCGROUP1499956153', 'FUN0c001', '重组菜单', null, '192.168.2.202', '192.168.2.202', 's', 'n', 'n');
INSERT INTO `AC_FUNC` VALUES ('FUNC1499956308', 'FUNCGROUP1499956153', 'FUN0011', '快捷菜单', null, '192.168.2.202', '192.168.2.202', 's', 'n', 's');
INSERT INTO `AC_FUNC` VALUES ('FUNC1499956309', 'FUNCGROUP1499956153', 'FUN10010', '操作员身份', null, '192.168.2.202', '192.168.2.202', 's', 'n', 's');
INSERT INTO `AC_FUNC` VALUES ('FUNC1499956310', 'FUNCGROUP1499956154', 'FUN1010', '业务字典管理', null, '192.168.3.302', '192.168.3.302', 's', 'n', 's');
INSERT INTO `AC_FUNC` VALUES ('FUNC1499956311', 'FUNCGROUP1499956154', 'FUNS001', '序号资源表管理', null, '192.168.3.303', '192.168.3.303', 's', 'n', 's');
INSERT INTO `AC_FUNC` VALUES ('FUNC1500601486', 'FUNCGROUP1500544715', 'Fun_001', '组织机构', '组织机构页面管理', '192.168.2.202', '192.168.2.202', '0', 'n', 'Y');
INSERT INTO `AC_FUNC` VALUES ('FUNC1500601487', 'FUNCGROUP1500544715', 'Fun_002', '员工管理', '员工管理页面', '192.168.2.202', '192.168.2.202', '0', 'n', 'N');
INSERT INTO `AC_FUNC` VALUES ('FUNC1500601488', 'FUNCGROUP1500544715', 'Fun_003', '业务机构', '业务机构页面', '1231231', '1231231', '0', 'n', 'N');
INSERT INTO `AC_FUNC` VALUES ('FUNC1500601505', 'FUNCGROUP1500544715', 'FUN_004', '工作组', '3213213', '321321312', '3213123321321', '0', 'n', 'Y');
INSERT INTO `AC_FUNC` VALUES ('FUNC1500601528', 'FUNCGROUP1500544715', 'FUN_005', '职务定义', '职务定义的页面描述', '192.168.2.202', '1231231', '0', 'n', 'Y');
INSERT INTO `AC_FUNC` VALUES ('FUNC1500601529', 'FUNCGROUP1500544716', 'Auth001', '应用功能管理', '应用功能管理页面描述', 'Auth001', '192.168.2.202', '0', 'n', 'Y');
INSERT INTO `AC_FUNC` VALUES ('FUNC1500601530', 'FUNCGROUP1500544716', 'Menu001', '菜单管理', '菜单管理的描述', '1231231', '1231231', '0', 'n', 'Y');
INSERT INTO `AC_FUNC` VALUES ('FUNC1500601531', 'FUNCGROUP1500544716', 'FUNQ001', '数据形体管理', '数据形体管理的描述', '192.168.2.202', '192.168.2.202', '0', 'n', 'Y');
INSERT INTO `AC_FUNC` VALUES ('FUNC1500601532', 'FUNCGROUP1500544716', 'FUNQ002', '数据范围管理', '数据范围管理的页面', '192.168.2.202', '8090', '0', 'n', 'Y');
INSERT INTO `AC_FUNC` VALUES ('FUNC1500601534', 'FUNCGROUP1500544716', 'FUNQ003', '功能行为类型定义', '功能行为类型定义', '1231231', '1231231', '0', 'n', 'Y');
INSERT INTO `AC_FUNC` VALUES ('FUNC1500601535', 'FUNCGROUP1500544716', 'FUNQ004', '角色管理', '角色管理角色管理角色管理角色管理角色管理', '192.168.2.202', '1231231', '0', 'n', 'Y');
INSERT INTO `AC_FUNC` VALUES ('FUNC1500601536', 'FUNCGROUP1500544717', 'FUNC001', '操作员管理', '操作员管理的描述测试', '1231231', '1231231', '0', 'n', 'Y');
INSERT INTO `AC_FUNC` VALUES ('FUNC1500601538', 'FUNCGROUP1500544717', 'FUNC004', '特殊权限', '特殊权限的页面描述', '1231231', '1231231', '0', 'n', 'Y');
INSERT INTO `AC_FUNC` VALUES ('FUNC1500601539', 'FUNCGROUP1500544717', 'FUNC005', '操作员身份', '操作员身份的描述', '192.168.2.202', '8090', '0', 'n', 'Y');
INSERT INTO `AC_FUNC` VALUES ('FUNC1500601540', 'FUNCGROUP1500544718', 'FUNQ', '业务字典', '业务字典的描述', '192.168.2.202', '192.168.2.202', '0', 'n', 'Y');
INSERT INTO `AC_FUNC` VALUES ('FUNC1500601543', 'FUNCGROUP1500544718', 'FUNQ0001', '序号资源表管理', '序号资源表管理的描述', '1231231', '1231231', '0', 'n', 'Y');
INSERT INTO `AC_FUNC` VALUES ('FUNC1502354964', 'FUNCGROUP1500544718', 'FUN0101', '系统运行参数', '系统运行参数', '1231231', '1231231', '0', 'n', 'Y');
INSERT INTO `AC_FUNC` VALUES ('FUNC1504581747', 'FUNCGROUP1500544718', 'FUN_timer', '定时器功能', '定时器管理的描述', '192.168.2.202', '11', '0', 'Y', 'Y');
INSERT INTO `AC_FUNC` VALUES ('FUNC1504890587', 'FUNCGROUP1500544718', 'FUNlog', '日志管理', '日志管理', '192.168.2.202', '10', '0', 'Y', 'Y');
INSERT INTO `AC_FUNC` VALUES ('FUNC1506258491', 'FUNCGROUP1500544718', 'FUNconfig01', '个性化配置管理', '个性化配置管理', '/AcOperatorController', null, '0', 'Y', 'Y');


INSERT INTO `AC_BHVTYPE_DEF` VALUES ('BHVTYPEDEF1499784150', 'common', '通用类');
INSERT INTO `AC_BHVTYPE_DEF` VALUES ('BHVTYPEDEF1499784153', 'query', '查询类');
INSERT INTO `AC_BHVTYPE_DEF` VALUES ('BHVTYPEDEF1499784155', 'manage', '维护类');
INSERT INTO `AC_BHVTYPE_DEF` VALUES ('BHVTYPEDEF1500076791', 'account', '账务类');
INSERT INTO `AC_BHVTYPE_DEF` VALUES ('BHVTYPEDEF1505977280', 'abf-common', 'ABF通用类');
INSERT INTO `AC_BHVTYPE_DEF` VALUES ('BHVTYPEDEF1505977281', 'abf-query', 'ABF查询类');
INSERT INTO `AC_BHVTYPE_DEF` VALUES ('BHVTYPEDEF1505977282', 'abf-manage', 'ABF维护类');
INSERT INTO `AC_BHVTYPE_DEF` VALUES ('BHVTYPEDEF1505977283', 'abf-other', 'ABF其他类');



INSERT INTO `AC_BHV_DEF` VALUES ('BHVDEF1500011689', 'BHVTYPEDEF1499784150', 'default-tx', '通用');
INSERT INTO `AC_BHV_DEF` VALUES ('BHVDEF1500011690', 'BHVTYPEDEF1499784150', 'driver-tx', '启动交易');
INSERT INTO `AC_BHV_DEF` VALUES ('BHVDEF1500011691', 'BHVTYPEDEF1499784150', 'hold-tx', '暂存');
INSERT INTO `AC_BHV_DEF` VALUES ('BHVDEF1500011692', 'BHVTYPEDEF1499784150', 'commit-tx', '提交');
INSERT INTO `AC_BHV_DEF` VALUES ('BHVDEF1500011693', 'BHVTYPEDEF1499784150', 'type-in', '补录');
INSERT INTO `AC_BHV_DEF` VALUES ('BHVDEF1500011694', 'BHVTYPEDEF1499784150', 'commit-ag', '再提交');
INSERT INTO `AC_BHV_DEF` VALUES ('BHVDEF1500011695', 'BHVTYPEDEF1499784150', 'cancel-tx', '取消');
INSERT INTO `AC_BHV_DEF` VALUES ('BHVDEF1500011696', 'BHVTYPEDEF1499784150', 'delete-tx', '删除');
INSERT INTO `AC_BHV_DEF` VALUES ('BHVDEF1500011697', 'BHVTYPEDEF1499784150', 're-print', '补打');
INSERT INTO `AC_BHV_DEF` VALUES ('BHVDEF1500011698', 'BHVTYPEDEF1499784150', 'copy-tx', '复制');
INSERT INTO `AC_BHV_DEF` VALUES ('BHVDEF1500011699', 'BHVTYPEDEF1499784153', 'r-detail', '记录查询');
INSERT INTO `AC_BHV_DEF` VALUES ('BHVDEF1500011700', 'BHVTYPEDEF1499784153', 'r-file', '文件查询(大查询)');
INSERT INTO `AC_BHV_DEF` VALUES ('BHVDEF1500011701', 'BHVTYPEDEF1499784154', 'reverse-tx', '冲正');
INSERT INTO `AC_BHV_DEF` VALUES ('BHVDEF1500011702', 'BHVTYPEDEF1499784155', 'query', '查询');
INSERT INTO `AC_BHV_DEF` VALUES ('BHVDEF1500011703', 'BHVTYPEDEF1499784155', 'add', '新增');
INSERT INTO `AC_BHV_DEF` VALUES ('BHVDEF1500011704', 'BHVTYPEDEF1499784155', 'delete', '删除');
INSERT INTO `AC_BHV_DEF` VALUES ('BHVDEF1500011705', 'BHVTYPEDEF1499784155', 'update', '修改');
INSERT INTO `AC_BHV_DEF` VALUES ('BHVDEF1500076783', 'BHVTYPEDEF1500076765', 'reverse-tx1', '冲正');
INSERT INTO `AC_BHV_DEF` VALUES ('BHVDEF1500076791', 'BHVTYPEDEF1500076789', 'reverse-tx', '冲正');
INSERT INTO `AC_BHV_DEF` VALUES ('BHVDEF1500076792', 'BHVTYPEDEF1500076791', 'reverse-tx', '冲正');
INSERT INTO `AC_BHV_DEF` VALUES ('BHVDEF1505977289', 'BHVTYPEDEF1505977280', '/AcAppController/appQuery', '查询应用');
INSERT INTO `AC_BHV_DEF` VALUES ('BHVDEF1505977290', 'BHVTYPEDEF1505977280', '/AcAppController/appDel', '删除应用');
INSERT INTO `AC_BHV_DEF` VALUES ('BHVDEF1505977292', 'BHVTYPEDEF1505977282', '/AcAppController/appQuery', '新增行为类型');
INSERT INTO `AC_BHV_DEF` VALUES ('BHVDEF1505977293', 'BHVTYPEDEF1505977282', '/AcAppController/functypeEdit', '修改功能行为类型');
INSERT INTO `AC_BHV_DEF` VALUES ('BHVDEF1505977294', 'BHVTYPEDEF1505977282', '/AcAppController/functypeDel', '删除功能行为类型');
INSERT INTO `AC_BHV_DEF` VALUES ('BHVDEF1505977295', 'BHVTYPEDEF1505977282', '/AcAppController/funactAdd', '新增功能行为');
INSERT INTO `AC_BHV_DEF` VALUES ('BHVDEF1505977296', 'BHVTYPEDEF1505977282', '/AcAppController/funactEdit', '修改功能行为');
INSERT INTO `AC_BHV_DEF` VALUES ('BHVDEF1505977297', 'BHVTYPEDEF1505977282', '/AcAppController/funactDel', '删除功能行为');
INSERT INTO `AC_BHV_DEF` VALUES ('BHVDEF1505977300', 'BHVTYPEDEF1505977280', '/AcAppController/functypequery', '查询功能行为类型');
INSERT INTO `AC_BHV_DEF` VALUES ('BHVDEF1505977301', 'BHVTYPEDEF1505977280', '/AcAppController/queryBhvDefByBhvType', '根据类型的GUID查询行为');
INSERT INTO `AC_BHV_DEF` VALUES ('BHVDEF1505977302', 'BHVTYPEDEF1505977280', '/om/duty/dutytree', '查询职务树');
INSERT INTO `AC_BHV_DEF` VALUES ('BHVDEF1505977305', 'BHVTYPEDEF1505977282', '/DictController/createSysDict', '新增业务字典');
INSERT INTO `AC_BHV_DEF` VALUES ('BHVDEF1505977306', 'BHVTYPEDEF1505977282', '/DictController/deleteSysDict', '删除业务字典');
INSERT INTO `AC_BHV_DEF` VALUES ('BHVDEF1505977307', 'BHVTYPEDEF1505977282', '/DictController/editSysDict', '修改业务字典');
INSERT INTO `AC_BHV_DEF` VALUES ('BHVDEF1505977308', 'BHVTYPEDEF1505977282', '/DictController/createSysDictItem', '新增业务字典项');
INSERT INTO `AC_BHV_DEF` VALUES ('BHVDEF1505977309', 'BHVTYPEDEF1505977282', '/DictController/deleteSysDictItem', '删除业务字典项');
INSERT INTO `AC_BHV_DEF` VALUES ('BHVDEF1505977310', 'BHVTYPEDEF1505977282', '/DictController/setDefaultDictValue', '修改业务字典项默认值');
INSERT INTO `AC_BHV_DEF` VALUES ('BHVDEF1505977311', 'BHVTYPEDEF1505977281', '/DictController/querySysDict', '查询单个业务字典');
INSERT INTO `AC_BHV_DEF` VALUES ('BHVDEF1505977312', 'BHVTYPEDEF1505977281', '/DictController/querySysDictItem', '查询单个业务字典项');
INSERT INTO `AC_BHV_DEF` VALUES ('BHVDEF1505977313', 'BHVTYPEDEF1505977280', '/DictController/querySysDictList', '查询所有业务字典');
INSERT INTO `AC_BHV_DEF` VALUES ('BHVDEF1505977314', 'BHVTYPEDEF1505977280', '/DictController/querySysDictItemList', '查询业务字典项列表');
INSERT INTO `AC_BHV_DEF` VALUES ('BHVDEF1505977315', 'BHVTYPEDEF1505977280', '/DictController/queryAllDictItem', '查询所有字典项');
INSERT INTO `AC_BHV_DEF` VALUES ('BHVDEF1505977316', 'BHVTYPEDEF1505977280', '/DictController/queryDictItemListByDictKey', '根据key查询业务字典项列表');
INSERT INTO `AC_BHV_DEF` VALUES ('BHVDEF1505977317', 'BHVTYPEDEF1505977283', '/DictController/exportDictExcel', '导出所有业务字典为excel');
INSERT INTO `AC_BHV_DEF` VALUES ('BHVDEF1505977318', 'BHVTYPEDEF1505977281', '/DictController/queryDictTree', '查询业务字典对应树结构');
INSERT INTO `AC_BHV_DEF` VALUES ('BHVDEF1505977319', 'BHVTYPEDEF1505977280', '/DictController/queryDict', '根据key查询业务字典信息');
INSERT INTO `AC_BHV_DEF` VALUES ('BHVDEF1505977320', 'BHVTYPEDEF1505977282', '/AcAppController/appAdd', '新增应用服务');
INSERT INTO `AC_BHV_DEF` VALUES ('BHVDEF1505977322', 'BHVTYPEDEF1505977282', '/AcAppController/appEdit', '修改应用服务');
INSERT INTO `AC_BHV_DEF` VALUES ('BHVDEF1505977323', 'BHVTYPEDEF1505977282', '/AcAppController/groupAdd', '新增功能组');
INSERT INTO `AC_BHV_DEF` VALUES ('BHVDEF1505977324', 'BHVTYPEDEF1505977282', '/AcAppController/groupDel', '删除功能组');
INSERT INTO `AC_BHV_DEF` VALUES ('BHVDEF1505977325', 'BHVTYPEDEF1505977281', '/AcAppController/groupQuery', '查询功能组');
INSERT INTO `AC_BHV_DEF` VALUES ('BHVDEF1505977326', 'BHVTYPEDEF1505977282', '/AcAppController/groupEdit', '修改功能组');
INSERT INTO `AC_BHV_DEF` VALUES ('BHVDEF1505977327', 'BHVTYPEDEF1505977282', '/AcAppController/acFuncAdd', '新增功能服务');
INSERT INTO `AC_BHV_DEF` VALUES ('BHVDEF1505977328', 'BHVTYPEDEF1505977282', '/AcAppController/acFuncEdit', '修改功能服务');
INSERT INTO `AC_BHV_DEF` VALUES ('BHVDEF1505977329', 'BHVTYPEDEF1505977282', '/AcAppController/acFuncResourceEdit', '更新资源');
INSERT INTO `AC_BHV_DEF` VALUES ('BHVDEF1505977330', 'BHVTYPEDEF1505977282', '/AcAppController/acFuncDel', '删除功能服务');
INSERT INTO `AC_BHV_DEF` VALUES ('BHVDEF1505977331', 'BHVTYPEDEF1505977281', '/AcAppController/acFuncQuery', '功能查询服务');
INSERT INTO `AC_BHV_DEF` VALUES ('BHVDEF1505977332', 'BHVTYPEDEF1505977280', '/AcAppController/queryAllFunc', '查询所有功能服务');
INSERT INTO `AC_BHV_DEF` VALUES ('BHVDEF1505977333', 'BHVTYPEDEF1505977282', '/AcAppController/importFunc', '导入功能服务');
INSERT INTO `AC_BHV_DEF` VALUES ('BHVDEF1505977335', 'BHVTYPEDEF1505977282', '/AcAppController/addBhvtypeForFunc', '功能添加行为类型');
INSERT INTO `AC_BHV_DEF` VALUES ('BHVDEF1505977336', 'BHVTYPEDEF1505977282', '/AcAppController/addBhvDefForFunc', '功能添加行为定义');
INSERT INTO `AC_BHV_DEF` VALUES ('BHVDEF1505977337', 'BHVTYPEDEF1505977281', '/AcAppController/queryBhvDefInTypeForFunc', '查询功能下某个行为类型的操作行为');
INSERT INTO `AC_BHV_DEF` VALUES ('BHVDEF1505977338', 'BHVTYPEDEF1505977281', '/AcAppController/queryBhvtypeDefByFunc', '查询某个行为类型的定义');
INSERT INTO `AC_BHV_DEF` VALUES ('BHVDEF1505977339', 'BHVTYPEDEF1505977281', '/AcAppController/queryBhvDefByBhvType', '根据类型的GUID查询行为');
INSERT INTO `AC_BHV_DEF` VALUES ('BHVDEF1505977340', 'BHVTYPEDEF1505977281', '/AcAppController/queryAllBhvDefForFunc', '查询功能下所有行为类型');
INSERT INTO `AC_BHV_DEF` VALUES ('BHVDEF1505977341', 'BHVTYPEDEF1505977282', '/AcAppController/delFuncBhvType', '删除功能对应类型');
INSERT INTO `AC_BHV_DEF` VALUES ('BHVDEF1505977342', 'BHVTYPEDEF1505977282', '/AcAppController/delFuncBhvDef', '删除功能对应行为');
INSERT INTO `AC_BHV_DEF` VALUES ('BHVDEF1505977343', 'BHVTYPEDEF1505977283', '/AcAppController/enableApp', '开启应用');
INSERT INTO `AC_BHV_DEF` VALUES ('BHVDEF1505977344', 'BHVTYPEDEF1505977283', '/AcAppController/disableApp', '关闭应用');
INSERT INTO `AC_BHV_DEF` VALUES ('BHVDEF1505977345', 'BHVTYPEDEF1505977280', '/AcMenuController/queryAllAcApp', '查询所有应用');
INSERT INTO `AC_BHV_DEF` VALUES ('BHVDEF1505977346', 'BHVTYPEDEF1505977280', '/AcMenuController/queryRootMenu', '查询应用跟菜单');
INSERT INTO `AC_BHV_DEF` VALUES ('BHVDEF1505977347', 'BHVTYPEDEF1505977280', '/AcMenuController/queryRootMenuTree', '查询应用下菜单');
INSERT INTO `AC_BHV_DEF` VALUES ('BHVDEF1505977348', 'BHVTYPEDEF1505977280', '/AcMenuController/queryChildMenu', '查询菜单子菜单');
INSERT INTO `AC_BHV_DEF` VALUES ('BHVDEF1505977349', 'BHVTYPEDEF1505977282', '/AcMenuController/createRootMenu', '新增跟菜单');
INSERT INTO `AC_BHV_DEF` VALUES ('BHVDEF1505977350', 'BHVTYPEDEF1505977282', '/AcMenuController/createChildMenu', '新增子菜单');
INSERT INTO `AC_BHV_DEF` VALUES ('BHVDEF1505977351', 'BHVTYPEDEF1505977282', '/AcMenuController/deleteMenu', '删除菜单');
INSERT INTO `AC_BHV_DEF` VALUES ('BHVDEF1505977352', 'BHVTYPEDEF1505977282', '/AcMenuController/editMenu', '修改菜单');
INSERT INTO `AC_BHV_DEF` VALUES ('BHVDEF1505977353', 'BHVTYPEDEF1505977282', '/AcMenuController/moveMenu', '移动菜单');
INSERT INTO `AC_BHV_DEF` VALUES ('BHVDEF1505977354', 'BHVTYPEDEF1505977281', '/AcMenuController/queryAllFuncInApp', '查询应用下功能');
INSERT INTO `AC_BHV_DEF` VALUES ('BHVDEF1505977355', 'BHVTYPEDEF1505977281', '/AcMenuController/getMenuByUserId', '操作员可操作菜单');
INSERT INTO `AC_BHV_DEF` VALUES ('BHVDEF1505977356', 'BHVTYPEDEF1505977281', '/AcMenuController/getOperatorMenuByUserId', '操作员重组菜单');
INSERT INTO `AC_BHV_DEF` VALUES ('BHVDEF1505977357', 'BHVTYPEDEF1505977282', '/AcMenuController/moveOperatorMenu', '菜单移动重组');
INSERT INTO `AC_BHV_DEF` VALUES ('BHVDEF1505977358', 'BHVTYPEDEF1505977282', '/AcMenuController/copyMenuToOperatorMenu', '菜单复制重组菜单');
INSERT INTO `AC_BHV_DEF` VALUES ('BHVDEF1505977359', 'BHVTYPEDEF1505977282', '/AcMenuController/createRootOperatorMenu', '新增重组跟菜单');
INSERT INTO `AC_BHV_DEF` VALUES ('BHVDEF1505977360', 'BHVTYPEDEF1505977282', '/AcMenuController/createChildOperatorMenu', '新增重组子菜单');
INSERT INTO `AC_BHV_DEF` VALUES ('BHVDEF1505977361', 'BHVTYPEDEF1505977282', '/AcMenuController/editOperatorMenu', '修改重组子菜单');
INSERT INTO `AC_BHV_DEF` VALUES ('BHVDEF1505977362', 'BHVTYPEDEF1505977282', '/AcMenuController/deleteOperatorMenu', '删除重组子菜单');
INSERT INTO `AC_BHV_DEF` VALUES ('BHVDEF1505977363', 'BHVTYPEDEF1505977281', '/SeqnoController/querySeqnoList', '查询系统运行参数');
INSERT INTO `AC_BHV_DEF` VALUES ('BHVDEF1505977364', 'BHVTYPEDEF1505977282', '/SeqnoController/editSeqno', '修改系统运行参数');
INSERT INTO `AC_BHV_DEF` VALUES ('BHVDEF1505977365', 'BHVTYPEDEF1505977282', '/SeqnoController/deleteSeqno', '删除系统运行参数');
INSERT INTO `AC_BHV_DEF` VALUES ('BHVDEF1505977366', 'BHVTYPEDEF1505977280', '/AcOperatorController/queryAllOperator', '查询操作员');
INSERT INTO `AC_BHV_DEF` VALUES ('BHVDEF1505977367', 'BHVTYPEDEF1505977282', '/AcOperatorController/createOperator', '新增操作员');
INSERT INTO `AC_BHV_DEF` VALUES ('BHVDEF1505977368', 'BHVTYPEDEF1505977282', '/AcOperatorController/editOperator', '修改操作员');
INSERT INTO `AC_BHV_DEF` VALUES ('BHVDEF1505977369', 'BHVTYPEDEF1505977282', '/AcOperatorController/setDefaultOperatorIdentity', '操作员默认身份');
INSERT INTO `AC_BHV_DEF` VALUES ('BHVDEF1505977370', 'BHVTYPEDEF1505977281', '/AcOperatorController/queryAllOperatorIdentity', '查询操作员身份');
INSERT INTO `AC_BHV_DEF` VALUES ('BHVDEF1505977371', 'BHVTYPEDEF1505977282', '/AcOperatorController/createOperatorIdentity', '新增操作员身份');
INSERT INTO `AC_BHV_DEF` VALUES ('BHVDEF1505977372', 'BHVTYPEDEF1505977282', '/AcOperatorController/deleteOperatorIdentity', '删除操作员身份');
INSERT INTO `AC_BHV_DEF` VALUES ('BHVDEF1505977373', 'BHVTYPEDEF1505977282', '/AcOperatorController/editOperatorIdentity', '修改操作员身份');
INSERT INTO `AC_BHV_DEF` VALUES ('BHVDEF1505977374', 'BHVTYPEDEF1505977282', '/AcOperatorController/createOperatorIdentityres', '新增操作员身份权限');
INSERT INTO `AC_BHV_DEF` VALUES ('BHVDEF1505977375', 'BHVTYPEDEF1505977282', '/AcOperatorController/deleteOperatorIdentityres', '删除操作员身份权限');
INSERT INTO `AC_BHV_DEF` VALUES ('BHVDEF1505977376', 'BHVTYPEDEF1505977282', '/AcOperatorController/editOperatorIdentityres', '修改操作员身份权限');
INSERT INTO `AC_BHV_DEF` VALUES ('BHVDEF1505977377', 'BHVTYPEDEF1505977281', '/AcOperatorController/queryRoleInOperatorByResType', '根据资源类型查角色');
INSERT INTO `AC_BHV_DEF` VALUES ('BHVDEF1505977378', 'BHVTYPEDEF1505977281', '/AcOperatorController/queryOperatorByUserId', '根据用户名查询操作员guid');
INSERT INTO `AC_BHV_DEF` VALUES ('BHVDEF1505977379', 'BHVTYPEDEF1505977281', '/AcOperatorController/queryOperatorUnauthorizedRoleList', '根据登录名查询操作员未授权角色');
INSERT INTO `AC_BHV_DEF` VALUES ('BHVDEF1505977380', 'BHVTYPEDEF1505977281', '/AcOperatorController/queryOperatorAuthorizedRoleList', '根据登陆名查询操作员已授权角色');
INSERT INTO `AC_BHV_DEF` VALUES ('BHVDEF1505977381', 'BHVTYPEDEF1505977281', '/AcOperatorController/queryOperatorInheritRoleList', '根据登录名查询操作员继承角色');
INSERT INTO `AC_BHV_DEF` VALUES ('BHVDEF1505977382', 'BHVTYPEDEF1505977281', '/AcOperatorController/queryOperatorFuncInfoInApp', '根据登录名查询特殊权限树');
INSERT INTO `AC_BHV_DEF` VALUES ('BHVDEF1505977383', 'BHVTYPEDEF1505977281', '/AcOperatorController/queryAcOperatorFunListByUserId', '查询用户特殊权限列表');
INSERT INTO `AC_BHV_DEF` VALUES ('BHVDEF1505977384', 'BHVTYPEDEF1505977282', '/AcOperatorController/addAcOperatorFun', '新增用户特殊功能权限');
INSERT INTO `AC_BHV_DEF` VALUES ('BHVDEF1505977385', 'BHVTYPEDEF1505977282', '/AcOperatorController/removeAcOperatorFun', '移除用户特殊功能权限');
INSERT INTO `AC_BHV_DEF` VALUES ('BHVDEF1505977386', 'BHVTYPEDEF1505977280', '/AcRoleController/queryRoleList', '查询所有角色');
INSERT INTO `AC_BHV_DEF` VALUES ('BHVDEF1505977390', 'BHVTYPEDEF1505977282', '/AcRoleController/createRole', '新增角色');
INSERT INTO `AC_BHV_DEF` VALUES ('BHVDEF1505977391', 'BHVTYPEDEF1505977282', '/AcRoleController/editRole', '修改角色');
INSERT INTO `AC_BHV_DEF` VALUES ('BHVDEF1505977392', 'BHVTYPEDEF1505977282', '/AcRoleController/deleteRole', '删除角色');
INSERT INTO `AC_BHV_DEF` VALUES ('BHVDEF1505977393', 'BHVTYPEDEF1505977282', '/AcRoleController/configRoleFunc', '角色配置功能权限');
INSERT INTO `AC_BHV_DEF` VALUES ('BHVDEF1505977394', 'BHVTYPEDEF1505977282', '/AcRoleController/addPartyRole', '角色添加组织权限');
INSERT INTO `AC_BHV_DEF` VALUES ('BHVDEF1505977395', 'BHVTYPEDEF1505977281', '/AcRoleController/queryRoleFunc', '查询角色的功能权限');
INSERT INTO `AC_BHV_DEF` VALUES ('BHVDEF1505977396', 'BHVTYPEDEF1505977281', '/AcRoleController/queryRoleInParty', '查询角色组织类型权限');
INSERT INTO `AC_BHV_DEF` VALUES ('BHVDEF1505977399', 'BHVTYPEDEF1505977281', '/AcRoleController/queryOperatorRole', '查询角色下的操作员');
INSERT INTO `AC_BHV_DEF` VALUES ('BHVDEF1505977400', 'BHVTYPEDEF1505977282', '/AcRoleController/removePartyRole', '移除角色的组织对象');
INSERT INTO `AC_BHV_DEF` VALUES ('BHVDEF1505977401', 'BHVTYPEDEF1505977282', '/AcRoleController/addOperatorRole', '角色添加操作员');
INSERT INTO `AC_BHV_DEF` VALUES ('BHVDEF1505977402', 'BHVTYPEDEF1505977282', '/AcRoleController/removeOperatorRole', '移除角色下的操作员');
INSERT INTO `AC_BHV_DEF` VALUES ('BHVDEF1505977403', 'BHVTYPEDEF1505977281', '/AcRoleController/queryRunConfigList', '查询系统运行参数列表');
INSERT INTO `AC_BHV_DEF` VALUES ('BHVDEF1505977405', 'BHVTYPEDEF1505977282', '/AcRoleController/createRunConfig', '新增系统参数');
INSERT INTO `AC_BHV_DEF` VALUES ('BHVDEF1505977406', 'BHVTYPEDEF1505977282', '/AcRoleController/editRunConfig', '修改系统参数');
INSERT INTO `AC_BHV_DEF` VALUES ('BHVDEF1505977407', 'BHVTYPEDEF1505977282', '/AcRoleController/deleteRunConfig', '删除系统参数');
INSERT INTO `AC_BHV_DEF` VALUES ('BHVDEF1505977408', 'BHVTYPEDEF1505977283', '/AcAuthenticationController/updatePassword', '修改密码');
INSERT INTO `AC_BHV_DEF` VALUES ('BHVDEF1505977409', 'BHVTYPEDEF1505977283', '/AcAuthenticationController/pageInit', '页面初始化');
INSERT INTO `AC_BHV_DEF` VALUES ('BHVDEF1505977410', 'BHVTYPEDEF1505977283', '/AcAuthenticationController/logout', '注销登陆');
INSERT INTO `AC_BHV_DEF` VALUES ('BHVDEF1505977411', 'BHVTYPEDEF1505977283', '/OperateLogController/queryOperateLogList', '查询操作日志');
INSERT INTO `AC_BHV_DEF` VALUES ('BHVDEF1505977412', 'BHVTYPEDEF1505977283', '/OperateLogController/queryOperateHistoryList', '查询操作对象历史日志');
INSERT INTO `AC_BHV_DEF` VALUES ('BHVDEF1505977413', 'BHVTYPEDEF1505977283', '/OperateLogController/queryOperateDetail', '查询操作日志详情');
INSERT INTO `AC_BHV_DEF` VALUES ('BHVDEF1505977414', 'BHVTYPEDEF1505977283', '/OperateLogController/queryLoginHistory', '查询操作员登录日志');
INSERT INTO `AC_BHV_DEF` VALUES ('BHVDEF1506222206', 'BHVTYPEDEF1505977281', '/AcOperatorController/queryConfigList', '查询个性化配置列表');
INSERT INTO `AC_BHV_DEF` VALUES ('BHVDEF1506222207', 'BHVTYPEDEF1505977282', '/AcOperatorController/deleteConfig', '删除个性化配置');
INSERT INTO `AC_BHV_DEF` VALUES ('BHVDEF1506222208', 'BHVTYPEDEF1505977282', '/AcOperatorController/addConfig', '新增个性化配置');
INSERT INTO `AC_BHV_DEF` VALUES ('BHVDEF1506222209', 'BHVTYPEDEF1505977282', '/AcOperatorController/updateConfig', '修改操作员个性化配置');



INSERT INTO `AC_FUNC_BHV` VALUES ('FUNCBHV1500017963', 'FUNC1499925316', 'BHVDEF1500011692', 'Y');
INSERT INTO `AC_FUNC_BHV` VALUES ('FUNCBHV1500017964', 'FUNC1499925316', 'BHVDEF1500011693', 'Y');
INSERT INTO `AC_FUNC_BHV` VALUES ('FUNCBHV1500017965', 'FUNC1499925316', 'BHVDEF1500011694', 'Y');
INSERT INTO `AC_FUNC_BHV` VALUES ('FUNCBHV1500017966', 'FUNC1499925316', 'BHVDEF1500011690', 'Y');
INSERT INTO `AC_FUNC_BHV` VALUES ('FUNCBHV1500017967', 'FUNC1499925316', 'BHVDEF1500011697', 'Y');
INSERT INTO `AC_FUNC_BHV` VALUES ('FUNCBHV1500017968', 'FUNC1499925316', 'BHVDEF1500011698', 'Y');
INSERT INTO `AC_FUNC_BHV` VALUES ('FUNCBHV1500017969', 'FUNC1499925316', 'BHVDEF1500011696', 'Y');
INSERT INTO `AC_FUNC_BHV` VALUES ('FUNCBHV1500017970', 'FUNC1499925316', 'BHVDEF1500011691', 'Y');
INSERT INTO `AC_FUNC_BHV` VALUES ('FUNCBHV1500017971', 'FUNC1499925316', 'BHVDEF1500011699', 'Y');
INSERT INTO `AC_FUNC_BHV` VALUES ('FUNCBHV1500017972', 'FUNC1499925316', 'BHVDEF1500011700', 'Y');
INSERT INTO `AC_FUNC_BHV` VALUES ('FUNCBHV1500017973', 'FUNC1499925316', 'BHVDEF1500011701', 'Y');
INSERT INTO `AC_FUNC_BHV` VALUES ('FUNCBHV1500017974', 'FUNC1499925316', 'BHVDEF1500011702', 'Y');
INSERT INTO `AC_FUNC_BHV` VALUES ('FUNCBHV1500017975', 'FUNC1499925316', 'BHVDEF1500011704', 'Y');
INSERT INTO `AC_FUNC_BHV` VALUES ('FUNCBHV1500017976', 'FUNC1499925316', 'BHVDEF1500011703', 'Y');
INSERT INTO `AC_FUNC_BHV` VALUES ('FUNCBHV1500017977', 'FUNC1499925316', 'BHVDEF1500011705', 'Y');
INSERT INTO `AC_FUNC_BHV` VALUES ('FUNCBHV1500017978', 'FUNC1499130418', 'BHVDEF1500011689', 'Y');
INSERT INTO `AC_FUNC_BHV` VALUES ('FUNCBHV1500017979', 'FUNC1499130418', 'BHVDEF1500011690', 'Y');
INSERT INTO `AC_FUNC_BHV` VALUES ('FUNCBHV1500017980', 'FUNC1499130418', 'BHVDEF1500011693', 'Y');
INSERT INTO `AC_FUNC_BHV` VALUES ('FUNCBHV1500017981', 'FUNC1499130418', 'BHVDEF1500011694', 'Y');
INSERT INTO `AC_FUNC_BHV` VALUES ('FUNCBHV1500017982', 'FUNC1499130418', 'BHVDEF1500011698', 'Y');
INSERT INTO `AC_FUNC_BHV` VALUES ('FUNCBHV1500020903', 'FUNC1499925316', 'BHVDEF1500011689', 'Y');
INSERT INTO `AC_FUNC_BHV` VALUES ('FUNCBHV1500045569', 'FUNC1499956281', 'BHVDEF1500011691', 'Y');
INSERT INTO `AC_FUNC_BHV` VALUES ('FUNCBHV1500045573', 'FUNC1499956281', 'BHVDEF1500011695', 'Y');
INSERT INTO `AC_FUNC_BHV` VALUES ('FUNCBHV1500045574', 'FUNC1499956281', 'BHVDEF1500011696', 'Y');
INSERT INTO `AC_FUNC_BHV` VALUES ('FUNCBHV1500045575', 'FUNC1499956281', 'BHVDEF1500011697', 'Y');
INSERT INTO `AC_FUNC_BHV` VALUES ('FUNCBHV1500045578', 'FUNC1499956281', 'BHVDEF1500011700', 'Y');
INSERT INTO `AC_FUNC_BHV` VALUES ('FUNCBHV1500045580', 'FUNC1499956281', 'BHVDEF1500011702', 'Y');
INSERT INTO `AC_FUNC_BHV` VALUES ('FUNCBHV1500045581', 'FUNC1499956281', 'BHVDEF1500011703', 'Y');
INSERT INTO `AC_FUNC_BHV` VALUES ('FUNCBHV1500045582', 'FUNC1499956281', 'BHVDEF1500011704', 'Y');
INSERT INTO `AC_FUNC_BHV` VALUES ('FUNCBHV1500045583', 'FUNC1499956281', 'BHVDEF1500011705', 'Y');
INSERT INTO `AC_FUNC_BHV` VALUES ('FUNCBHV1500045584', 'FUNC1499956281', 'BHVDEF1500011701', 'Y');
INSERT INTO `AC_FUNC_BHV` VALUES ('FUNCBHV1500045602', 'FUNC1500075333', 'BHVDEF1500011689', 'Y');
INSERT INTO `AC_FUNC_BHV` VALUES ('FUNCBHV1500045603', 'FUNC1500075333', 'BHVDEF1500011690', 'Y');
INSERT INTO `AC_FUNC_BHV` VALUES ('FUNCBHV1500045604', 'FUNC1500075333', 'BHVDEF1500011691', 'Y');
INSERT INTO `AC_FUNC_BHV` VALUES ('FUNCBHV1500045605', 'FUNC1500075333', 'BHVDEF1500011692', 'Y');
INSERT INTO `AC_FUNC_BHV` VALUES ('FUNCBHV1500045606', 'FUNC1500075333', 'BHVDEF1500011693', 'Y');
INSERT INTO `AC_FUNC_BHV` VALUES ('FUNCBHV1500045607', 'FUNC1500075333', 'BHVDEF1500011694', 'Y');
INSERT INTO `AC_FUNC_BHV` VALUES ('FUNCBHV1500045608', 'FUNC1500075333', 'BHVDEF1500011695', 'Y');
INSERT INTO `AC_FUNC_BHV` VALUES ('FUNCBHV1500045609', 'FUNC1500075333', 'BHVDEF1500011696', 'Y');
INSERT INTO `AC_FUNC_BHV` VALUES ('FUNCBHV1500045610', 'FUNC1500075333', 'BHVDEF1500011697', 'Y');
INSERT INTO `AC_FUNC_BHV` VALUES ('FUNCBHV1500045611', 'FUNC1500075333', 'BHVDEF1500011698', 'Y');
INSERT INTO `AC_FUNC_BHV` VALUES ('FUNCBHV1500045629', 'FUNC1500075336', 'BHVDEF1500011689', 'Y');
INSERT INTO `AC_FUNC_BHV` VALUES ('FUNCBHV1500045630', 'FUNC1500075336', 'BHVDEF1500011690', 'Y');
INSERT INTO `AC_FUNC_BHV` VALUES ('FUNCBHV1500045631', 'FUNC1500075336', 'BHVDEF1500011691', 'Y');
INSERT INTO `AC_FUNC_BHV` VALUES ('FUNCBHV1500045632', 'FUNC1500075336', 'BHVDEF1500011692', 'Y');
INSERT INTO `AC_FUNC_BHV` VALUES ('FUNCBHV1500045633', 'FUNC1500075336', 'BHVDEF1500011693', 'Y');
INSERT INTO `AC_FUNC_BHV` VALUES ('FUNCBHV1500045634', 'FUNC1500075336', 'BHVDEF1500011694', 'Y');
INSERT INTO `AC_FUNC_BHV` VALUES ('FUNCBHV1500045635', 'FUNC1500075336', 'BHVDEF1500011695', 'Y');
INSERT INTO `AC_FUNC_BHV` VALUES ('FUNCBHV1500045636', 'FUNC1500075336', 'BHVDEF1500011696', 'Y');
INSERT INTO `AC_FUNC_BHV` VALUES ('FUNCBHV1500045637', 'FUNC1500075336', 'BHVDEF1500011697', 'Y');
INSERT INTO `AC_FUNC_BHV` VALUES ('FUNCBHV1500045638', 'FUNC1500075336', 'BHVDEF1500011698', 'Y');
INSERT INTO `AC_FUNC_BHV` VALUES ('FUNCBHV1500045641', 'FUNC1500075336', 'BHVDEF1500011702', 'Y');
INSERT INTO `AC_FUNC_BHV` VALUES ('FUNCBHV1500045642', 'FUNC1500075336', 'BHVDEF1500011703', 'Y');
INSERT INTO `AC_FUNC_BHV` VALUES ('FUNCBHV1500045643', 'FUNC1500075336', 'BHVDEF1500011704', 'Y');
INSERT INTO `AC_FUNC_BHV` VALUES ('FUNCBHV1500045644', 'FUNC1500075336', 'BHVDEF1500011705', 'Y');
INSERT INTO `AC_FUNC_BHV` VALUES ('FUNCBHV1500045645', 'FUNC1500075336', 'BHVDEF1500076792', 'Y');
INSERT INTO `AC_FUNC_BHV` VALUES ('FUNCBHV1500045646', 'FUNC1500075340', 'BHVDEF1500011689', 'Y');
INSERT INTO `AC_FUNC_BHV` VALUES ('FUNCBHV1500045647', 'FUNC1500075340', 'BHVDEF1500011690', 'Y');
INSERT INTO `AC_FUNC_BHV` VALUES ('FUNCBHV1500045648', 'FUNC1500075340', 'BHVDEF1500011691', 'Y');
INSERT INTO `AC_FUNC_BHV` VALUES ('FUNCBHV1500045649', 'FUNC1500075340', 'BHVDEF1500011692', 'Y');
INSERT INTO `AC_FUNC_BHV` VALUES ('FUNCBHV1500045650', 'FUNC1500075340', 'BHVDEF1500011693', 'Y');
INSERT INTO `AC_FUNC_BHV` VALUES ('FUNCBHV1500045651', 'FUNC1500075340', 'BHVDEF1500011694', 'Y');
INSERT INTO `AC_FUNC_BHV` VALUES ('FUNCBHV1500045652', 'FUNC1500075340', 'BHVDEF1500011695', 'Y');
INSERT INTO `AC_FUNC_BHV` VALUES ('FUNCBHV1500045653', 'FUNC1500075340', 'BHVDEF1500011696', 'Y');
INSERT INTO `AC_FUNC_BHV` VALUES ('FUNCBHV1500045654', 'FUNC1500075340', 'BHVDEF1500011697', 'Y');
INSERT INTO `AC_FUNC_BHV` VALUES ('FUNCBHV1500045655', 'FUNC1500075340', 'BHVDEF1500011698', 'Y');
INSERT INTO `AC_FUNC_BHV` VALUES ('FUNCBHV1500510337', 'FUNC1499956302', 'BHVDEF1500011702', 'Y');
INSERT INTO `AC_FUNC_BHV` VALUES ('FUNCBHV1500510338', 'FUNC1499956302', 'BHVDEF1500011703', 'Y');
INSERT INTO `AC_FUNC_BHV` VALUES ('FUNCBHV1500510339', 'FUNC1499956302', 'BHVDEF1500011704', 'Y');
INSERT INTO `AC_FUNC_BHV` VALUES ('FUNCBHV1500510340', 'FUNC1499956302', 'BHVDEF1500011705', 'Y');
INSERT INTO `AC_FUNC_BHV` VALUES ('FUNCBHV1500510341', 'FUNC1499956302', 'BHVDEF1500011699', 'Y');
INSERT INTO `AC_FUNC_BHV` VALUES ('FUNCBHV1500510342', 'FUNC1499956302', 'BHVDEF1500011700', 'Y');
INSERT INTO `AC_FUNC_BHV` VALUES ('FUNCBHV1500601535', 'FUNC1500601535', 'BHVDEF1500011689', 'Y');
INSERT INTO `AC_FUNC_BHV` VALUES ('FUNCBHV1500601536', 'FUNC1500601535', 'BHVDEF1500011690', 'Y');
INSERT INTO `AC_FUNC_BHV` VALUES ('FUNCBHV1500601537', 'FUNC1500601535', 'BHVDEF1500011691', 'Y');
INSERT INTO `AC_FUNC_BHV` VALUES ('FUNCBHV1500601538', 'FUNC1500601535', 'BHVDEF1500011692', 'Y');
INSERT INTO `AC_FUNC_BHV` VALUES ('FUNCBHV1500601539', 'FUNC1500601535', 'BHVDEF1500011693', 'Y');
INSERT INTO `AC_FUNC_BHV` VALUES ('FUNCBHV1500601541', 'FUNC1500601535', 'BHVDEF1500011695', 'Y');
INSERT INTO `AC_FUNC_BHV` VALUES ('FUNCBHV1500601542', 'FUNC1500601535', 'BHVDEF1500011696', 'Y');
INSERT INTO `AC_FUNC_BHV` VALUES ('FUNCBHV1500601543', 'FUNC1500601535', 'BHVDEF1500011697', 'Y');
INSERT INTO `AC_FUNC_BHV` VALUES ('FUNCBHV1500601544', 'FUNC1500601535', 'BHVDEF1500011698', 'Y');
INSERT INTO `AC_FUNC_BHV` VALUES ('FUNCBHV1502467714', 'FUNC1500601535', 'BHVDEF1500076792', 'Y');
INSERT INTO `AC_FUNC_BHV` VALUES ('FUNCBHV1503047140', 'FUNC1503047105', 'BHVDEF1500011704', 'Y');
INSERT INTO `AC_FUNC_BHV` VALUES ('FUNCBHV1503047141', 'FUNC1503047105', 'BHVDEF1500011705', 'Y');
INSERT INTO `AC_FUNC_BHV` VALUES ('FUNCBHV1504164753', 'FUNC1500601487', 'BHVDEF1500011702', 'Y');
INSERT INTO `AC_FUNC_BHV` VALUES ('FUNCBHV1504164754', 'FUNC1500601487', 'BHVDEF1500011703', 'Y');
INSERT INTO `AC_FUNC_BHV` VALUES ('FUNCBHV1504164755', 'FUNC1500601487', 'BHVDEF1500011704', 'Y');
INSERT INTO `AC_FUNC_BHV` VALUES ('FUNCBHV1504164756', 'FUNC1500601487', 'BHVDEF1500011705', 'Y');
INSERT INTO `AC_FUNC_BHV` VALUES ('FUNCBHV1505977260', 'FUNC1500601529', 'BHVDEF1505977289', 'Y');
INSERT INTO `AC_FUNC_BHV` VALUES ('FUNCBHV1505977261', 'FUNC1500601529', 'BHVDEF1505977290', 'Y');
INSERT INTO `AC_FUNC_BHV` VALUES ('FUNCBHV1505977262', 'FUNC1500601529', 'BHVDEF1505977300', 'Y');
INSERT INTO `AC_FUNC_BHV` VALUES ('FUNCBHV1505977263', 'FUNC1500601529', 'BHVDEF1505977301', 'Y');
INSERT INTO `AC_FUNC_BHV` VALUES ('FUNCBHV1505977264', 'FUNC1500601529', 'BHVDEF1505977302', 'Y');
INSERT INTO `AC_FUNC_BHV` VALUES ('FUNCBHV1505977265', 'FUNC1500601529', 'BHVDEF1505977313', 'Y');
INSERT INTO `AC_FUNC_BHV` VALUES ('FUNCBHV1505977266', 'FUNC1500601529', 'BHVDEF1505977314', 'Y');
INSERT INTO `AC_FUNC_BHV` VALUES ('FUNCBHV1505977267', 'FUNC1500601529', 'BHVDEF1505977315', 'Y');
INSERT INTO `AC_FUNC_BHV` VALUES ('FUNCBHV1505977268', 'FUNC1500601529', 'BHVDEF1505977316', 'Y');
INSERT INTO `AC_FUNC_BHV` VALUES ('FUNCBHV1505977269', 'FUNC1500601529', 'BHVDEF1505977319', 'Y');
INSERT INTO `AC_FUNC_BHV` VALUES ('FUNCBHV1505977270', 'FUNC1500601529', 'BHVDEF1505977332', 'Y');
INSERT INTO `AC_FUNC_BHV` VALUES ('FUNCBHV1505977271', 'FUNC1500601529', 'BHVDEF1505977345', 'Y');
INSERT INTO `AC_FUNC_BHV` VALUES ('FUNCBHV1505977272', 'FUNC1500601529', 'BHVDEF1505977346', 'Y');
INSERT INTO `AC_FUNC_BHV` VALUES ('FUNCBHV1505977273', 'FUNC1500601529', 'BHVDEF1505977347', 'Y');
INSERT INTO `AC_FUNC_BHV` VALUES ('FUNCBHV1505977274', 'FUNC1500601529', 'BHVDEF1505977348', 'Y');
INSERT INTO `AC_FUNC_BHV` VALUES ('FUNCBHV1505977275', 'FUNC1500601529', 'BHVDEF1505977366', 'Y');
INSERT INTO `AC_FUNC_BHV` VALUES ('FUNCBHV1505977276', 'FUNC1500601529', 'BHVDEF1505977386', 'Y');
INSERT INTO `AC_FUNC_BHV` VALUES ('FUNCBHV1505977297', 'FUNC1500601488', 'BHVDEF1505977311', 'Y');
INSERT INTO `AC_FUNC_BHV` VALUES ('FUNCBHV1505977298', 'FUNC1500601488', 'BHVDEF1505977312', 'Y');
INSERT INTO `AC_FUNC_BHV` VALUES ('FUNCBHV1505977299', 'FUNC1500601488', 'BHVDEF1505977318', 'Y');
INSERT INTO `AC_FUNC_BHV` VALUES ('FUNCBHV1505977300', 'FUNC1500601488', 'BHVDEF1505977325', 'Y');
INSERT INTO `AC_FUNC_BHV` VALUES ('FUNCBHV1505977301', 'FUNC1500601488', 'BHVDEF1505977331', 'Y');
INSERT INTO `AC_FUNC_BHV` VALUES ('FUNCBHV1505977302', 'FUNC1500601488', 'BHVDEF1505977337', 'Y');
INSERT INTO `AC_FUNC_BHV` VALUES ('FUNCBHV1505977303', 'FUNC1500601488', 'BHVDEF1505977338', 'Y');
INSERT INTO `AC_FUNC_BHV` VALUES ('FUNCBHV1505977304', 'FUNC1500601488', 'BHVDEF1505977339', 'Y');
INSERT INTO `AC_FUNC_BHV` VALUES ('FUNCBHV1505977305', 'FUNC1500601488', 'BHVDEF1505977340', 'Y');
INSERT INTO `AC_FUNC_BHV` VALUES ('FUNCBHV1505977306', 'FUNC1500601488', 'BHVDEF1505977354', 'Y');
INSERT INTO `AC_FUNC_BHV` VALUES ('FUNCBHV1505977307', 'FUNC1500601488', 'BHVDEF1505977355', 'Y');
INSERT INTO `AC_FUNC_BHV` VALUES ('FUNCBHV1505977308', 'FUNC1500601488', 'BHVDEF1505977356', 'Y');
INSERT INTO `AC_FUNC_BHV` VALUES ('FUNCBHV1505977309', 'FUNC1500601488', 'BHVDEF1505977363', 'Y');
INSERT INTO `AC_FUNC_BHV` VALUES ('FUNCBHV1505977310', 'FUNC1500601488', 'BHVDEF1505977370', 'Y');
INSERT INTO `AC_FUNC_BHV` VALUES ('FUNCBHV1505977311', 'FUNC1500601488', 'BHVDEF1505977377', 'Y');
INSERT INTO `AC_FUNC_BHV` VALUES ('FUNCBHV1505977312', 'FUNC1500601488', 'BHVDEF1505977378', 'Y');
INSERT INTO `AC_FUNC_BHV` VALUES ('FUNCBHV1505977313', 'FUNC1500601488', 'BHVDEF1505977379', 'Y');
INSERT INTO `AC_FUNC_BHV` VALUES ('FUNCBHV1505977314', 'FUNC1500601488', 'BHVDEF1505977380', 'Y');
INSERT INTO `AC_FUNC_BHV` VALUES ('FUNCBHV1505977315', 'FUNC1500601488', 'BHVDEF1505977381', 'Y');
INSERT INTO `AC_FUNC_BHV` VALUES ('FUNCBHV1505977316', 'FUNC1500601488', 'BHVDEF1505977382', 'Y');
INSERT INTO `AC_FUNC_BHV` VALUES ('FUNCBHV1505977317', 'FUNC1500601488', 'BHVDEF1505977289', 'Y');
INSERT INTO `AC_FUNC_BHV` VALUES ('FUNCBHV1505977318', 'FUNC1500601488', 'BHVDEF1505977290', 'Y');
INSERT INTO `AC_FUNC_BHV` VALUES ('FUNCBHV1505977319', 'FUNC1500601488', 'BHVDEF1505977300', 'Y');
INSERT INTO `AC_FUNC_BHV` VALUES ('FUNCBHV1505977320', 'FUNC1500601488', 'BHVDEF1505977301', 'Y');
INSERT INTO `AC_FUNC_BHV` VALUES ('FUNCBHV1505977321', 'FUNC1500601488', 'BHVDEF1505977302', 'Y');
INSERT INTO `AC_FUNC_BHV` VALUES ('FUNCBHV1505977322', 'FUNC1500601488', 'BHVDEF1505977313', 'Y');
INSERT INTO `AC_FUNC_BHV` VALUES ('FUNCBHV1505977323', 'FUNC1500601488', 'BHVDEF1505977314', 'Y');
INSERT INTO `AC_FUNC_BHV` VALUES ('FUNCBHV1505977324', 'FUNC1500601488', 'BHVDEF1505977315', 'Y');
INSERT INTO `AC_FUNC_BHV` VALUES ('FUNCBHV1505977325', 'FUNC1500601488', 'BHVDEF1505977316', 'Y');
INSERT INTO `AC_FUNC_BHV` VALUES ('FUNCBHV1505977326', 'FUNC1500601488', 'BHVDEF1505977319', 'Y');
INSERT INTO `AC_FUNC_BHV` VALUES ('FUNCBHV1505977327', 'FUNC1500601488', 'BHVDEF1505977332', 'Y');
INSERT INTO `AC_FUNC_BHV` VALUES ('FUNCBHV1505977328', 'FUNC1500601488', 'BHVDEF1505977345', 'Y');
INSERT INTO `AC_FUNC_BHV` VALUES ('FUNCBHV1505977329', 'FUNC1500601488', 'BHVDEF1505977346', 'Y');
INSERT INTO `AC_FUNC_BHV` VALUES ('FUNCBHV1505977330', 'FUNC1500601488', 'BHVDEF1505977347', 'Y');
INSERT INTO `AC_FUNC_BHV` VALUES ('FUNCBHV1505977331', 'FUNC1500601488', 'BHVDEF1505977348', 'Y');
INSERT INTO `AC_FUNC_BHV` VALUES ('FUNCBHV1505977332', 'FUNC1500601488', 'BHVDEF1505977366', 'Y');
INSERT INTO `AC_FUNC_BHV` VALUES ('FUNCBHV1505977333', 'FUNC1500601488', 'BHVDEF1505977386', 'Y');
INSERT INTO `AC_FUNC_BHV` VALUES ('FUNCBHV1505977334', 'FUNC1500601486', 'BHVDEF1505977289', 'Y');
INSERT INTO `AC_FUNC_BHV` VALUES ('FUNCBHV1505977335', 'FUNC1500601486', 'BHVDEF1505977290', 'Y');
INSERT INTO `AC_FUNC_BHV` VALUES ('FUNCBHV1505977336', 'FUNC1500601486', 'BHVDEF1505977300', 'Y');
INSERT INTO `AC_FUNC_BHV` VALUES ('FUNCBHV1505977337', 'FUNC1500601486', 'BHVDEF1505977301', 'Y');
INSERT INTO `AC_FUNC_BHV` VALUES ('FUNCBHV1505977338', 'FUNC1500601486', 'BHVDEF1505977302', 'Y');
INSERT INTO `AC_FUNC_BHV` VALUES ('FUNCBHV1505977339', 'FUNC1500601486', 'BHVDEF1505977313', 'Y');
INSERT INTO `AC_FUNC_BHV` VALUES ('FUNCBHV1505977340', 'FUNC1500601486', 'BHVDEF1505977314', 'Y');
INSERT INTO `AC_FUNC_BHV` VALUES ('FUNCBHV1505977341', 'FUNC1500601486', 'BHVDEF1505977315', 'Y');
INSERT INTO `AC_FUNC_BHV` VALUES ('FUNCBHV1505977342', 'FUNC1500601486', 'BHVDEF1505977316', 'Y');
INSERT INTO `AC_FUNC_BHV` VALUES ('FUNCBHV1505977343', 'FUNC1500601486', 'BHVDEF1505977319', 'Y');
INSERT INTO `AC_FUNC_BHV` VALUES ('FUNCBHV1505977344', 'FUNC1500601486', 'BHVDEF1505977332', 'Y');
INSERT INTO `AC_FUNC_BHV` VALUES ('FUNCBHV1505977345', 'FUNC1500601486', 'BHVDEF1505977345', 'Y');
INSERT INTO `AC_FUNC_BHV` VALUES ('FUNCBHV1505977346', 'FUNC1500601486', 'BHVDEF1505977346', 'Y');
INSERT INTO `AC_FUNC_BHV` VALUES ('FUNCBHV1505977347', 'FUNC1500601486', 'BHVDEF1505977347', 'Y');
INSERT INTO `AC_FUNC_BHV` VALUES ('FUNCBHV1505977348', 'FUNC1500601486', 'BHVDEF1505977348', 'Y');
INSERT INTO `AC_FUNC_BHV` VALUES ('FUNCBHV1505977349', 'FUNC1500601486', 'BHVDEF1505977366', 'Y');
INSERT INTO `AC_FUNC_BHV` VALUES ('FUNCBHV1505977350', 'FUNC1500601486', 'BHVDEF1505977386', 'Y');


INSERT INTO `AC_FUNC_BHVTYPE` VALUES ('FUNC1499074823', 'BHVTYPEDEF1499784150');
INSERT INTO `AC_FUNC_BHVTYPE` VALUES ('FUNC1499130403', '	\r\nBHVTYPEDEF1499784153');
INSERT INTO `AC_FUNC_BHVTYPE` VALUES ('FUNC1499130403', '	\r\nBHVTYPEDEF1499784153');
INSERT INTO `AC_FUNC_BHVTYPE` VALUES ('FUNC1499925316', 'BHVTYPEDEF1499784153');
INSERT INTO `AC_FUNC_BHVTYPE` VALUES ('FUNC1499925316', 'BHVTYPEDEF1499784153');
INSERT INTO `AC_FUNC_BHVTYPE` VALUES ('FUNC1499925316', 'BHVTYPEDEF1499784150');
INSERT INTO `AC_FUNC_BHVTYPE` VALUES ('FUNC1499925316', 'BHVTYPEDEF1499784154');
INSERT INTO `AC_FUNC_BHVTYPE` VALUES ('FUNC1499925316', 'BHVTYPEDEF1499784155');
INSERT INTO `AC_FUNC_BHVTYPE` VALUES ('FUNC1499130403', 'BHVTYPEDEF1499784150');
INSERT INTO `AC_FUNC_BHVTYPE` VALUES ('FUNC1499130403', 'BHVTYPEDEF1499784153');
INSERT INTO `AC_FUNC_BHVTYPE` VALUES ('FUNC1499130403', 'BHVTYPEDEF1499784154');
INSERT INTO `AC_FUNC_BHVTYPE` VALUES ('FUNC1499130403', 'BHVTYPEDEF1499784155');
INSERT INTO `AC_FUNC_BHVTYPE` VALUES ('FUNC1499130418', 'BHVTYPEDEF1499784153');
INSERT INTO `AC_FUNC_BHVTYPE` VALUES ('FUNC1499130418', 'BHVTYPEDEF1499784154');
INSERT INTO `AC_FUNC_BHVTYPE` VALUES ('FUNC1499130405', 'BHVTYPEDEF1499784150');
INSERT INTO `AC_FUNC_BHVTYPE` VALUES ('FUNC1499130405', 'BHVTYPEDEF1499784153');
INSERT INTO `AC_FUNC_BHVTYPE` VALUES ('FUNC1499130405', 'BHVTYPEDEF1499784155');
INSERT INTO `AC_FUNC_BHVTYPE` VALUES ('FUNC1499130405', 'BHVTYPEDEF1499784154');
INSERT INTO `AC_FUNC_BHVTYPE` VALUES ('FUNC1499130406', 'BHVTYPEDEF1499784150');
INSERT INTO `AC_FUNC_BHVTYPE` VALUES ('FUNC1499130406', 'BHVTYPEDEF1499784153');
INSERT INTO `AC_FUNC_BHVTYPE` VALUES ('FUNC1499130418', 'BHVTYPEDEF1499784150');
INSERT INTO `AC_FUNC_BHVTYPE` VALUES ('FUNC1499956281', 'BHVTYPEDEF1499784150');
INSERT INTO `AC_FUNC_BHVTYPE` VALUES ('FUNC1499956281', 'BHVTYPEDEF1499784153');
INSERT INTO `AC_FUNC_BHVTYPE` VALUES ('FUNC1499956281', 'BHVTYPEDEF1499784154');
INSERT INTO `AC_FUNC_BHVTYPE` VALUES ('FUNC1499956281', 'BHVTYPEDEF1499784155');
INSERT INTO `AC_FUNC_BHVTYPE` VALUES ('FUNC1500075333', 'BHVTYPEDEF1499784150');
INSERT INTO `AC_FUNC_BHVTYPE` VALUES ('FUNC1500075333', 'BHVTYPEDEF1499784153');
INSERT INTO `AC_FUNC_BHVTYPE` VALUES ('FUNC1500075333', 'BHVTYPEDEF1499784154');
INSERT INTO `AC_FUNC_BHVTYPE` VALUES ('FUNC1500075333', 'BHVTYPEDEF1499784155');
INSERT INTO `AC_FUNC_BHVTYPE` VALUES ('FUNC1500075336', 'BHVTYPEDEF1499784150');
INSERT INTO `AC_FUNC_BHVTYPE` VALUES ('FUNC1500075336', 'BHVTYPEDEF1499784155');
INSERT INTO `AC_FUNC_BHVTYPE` VALUES ('FUNC1500075336', 'BHVTYPEDEF1500076791');
INSERT INTO `AC_FUNC_BHVTYPE` VALUES ('FUNC1500075336', 'BHVTYPEDEF1499784153');
INSERT INTO `AC_FUNC_BHVTYPE` VALUES ('FUNC1500075340', 'BHVTYPEDEF1499784150');
INSERT INTO `AC_FUNC_BHVTYPE` VALUES ('FUNC1499956302', 'BHVTYPEDEF1499784153');
INSERT INTO `AC_FUNC_BHVTYPE` VALUES ('FUNC1499956302', 'BHVTYPEDEF1499784155');
INSERT INTO `AC_FUNC_BHVTYPE` VALUES ('FUNC1500516464', 'BHVTYPEDEF1499784150');
INSERT INTO `AC_FUNC_BHVTYPE` VALUES ('FUNC1500516464', 'BHVTYPEDEF1499784153');
INSERT INTO `AC_FUNC_BHVTYPE` VALUES ('FUNC1500516464', 'BHVTYPEDEF1499784155');
INSERT INTO `AC_FUNC_BHVTYPE` VALUES ('FUNC1500516464', 'BHVTYPEDEF1500076791');
INSERT INTO `AC_FUNC_BHVTYPE` VALUES ('FUNC1500601535', 'BHVTYPEDEF1499784150');
INSERT INTO `AC_FUNC_BHVTYPE` VALUES ('FUNC1500601535', 'BHVTYPEDEF1499784153');
INSERT INTO `AC_FUNC_BHVTYPE` VALUES ('FUNC1500601535', 'BHVTYPEDEF1499784155');
INSERT INTO `AC_FUNC_BHVTYPE` VALUES ('FUNC1500601535', 'BHVTYPEDEF1500076791');
INSERT INTO `AC_FUNC_BHVTYPE` VALUES ('FUNC1503047105', 'BHVTYPEDEF1499784155');
INSERT INTO `AC_FUNC_BHVTYPE` VALUES ('FUNC1500601487', 'BHVTYPEDEF1499784155');
INSERT INTO `AC_FUNC_BHVTYPE` VALUES ('FUNC1500601539', 'BHVTYPEDEF1499784150');
INSERT INTO `AC_FUNC_BHVTYPE` VALUES ('FUNC1500601536', 'BHVTYPEDEF1505977280');
INSERT INTO `AC_FUNC_BHVTYPE` VALUES ('FUNC1500601536', 'BHVTYPEDEF1499784155');
INSERT INTO `AC_FUNC_BHVTYPE` VALUES ('FUNC1500601536', 'BHVTYPEDEF1500076791');
INSERT INTO `AC_FUNC_BHVTYPE` VALUES ('FUNC1500601488', 'BHVTYPEDEF1505977280');
INSERT INTO `AC_FUNC_BHVTYPE` VALUES ('FUNC1500601529', 'BHVTYPEDEF1505977280');
INSERT INTO `AC_FUNC_BHVTYPE` VALUES ('FUNC1500601488', 'BHVTYPEDEF1505977281');
INSERT INTO `AC_FUNC_BHVTYPE` VALUES ('FUNC1500601488', 'BHVTYPEDEF1505977282');
INSERT INTO `AC_FUNC_BHVTYPE` VALUES ('FUNC1500601488', 'BHVTYPEDEF1505977283');
INSERT INTO `AC_FUNC_BHVTYPE` VALUES ('FUNC1500601486', 'BHVTYPEDEF1505977280');
INSERT INTO `AC_FUNC_BHVTYPE` VALUES ('FUNC1500601486', 'BHVTYPEDEF1505977282');


INSERT INTO `AC_FUNC_RESOURCE` VALUES ('FUNC1499956281', 'p', '#/abftree.html', '组织机构管理', '组织机构管理');
INSERT INTO `AC_FUNC_RESOURCE` VALUES ('FUNC1499956291', 'p', '#/Emp.html', '员工管理', '员工管理');
INSERT INTO `AC_FUNC_RESOURCE` VALUES ('FUNC1499956292', 'l', '#/zanding.html', '业务机构', '业务机构');
INSERT INTO `AC_FUNC_RESOURCE` VALUES ('FUNC1499956293', 'p', '#/Workgroup.html', '工作组', '工作组');
INSERT INTO `AC_FUNC_RESOURCE` VALUES ('FUNC1499956294', 'p', '#/zanding.html', '职务定义', '职务定义');
INSERT INTO `AC_FUNC_RESOURCE` VALUES ('FUNC1499956295', 'p', '#/applicationFun.html', '应用功能管理', '应用功能管理');
INSERT INTO `AC_FUNC_RESOURCE` VALUES ('FUNC1499956296', 'p', '#/menuManagement.html', '菜单管理', '菜单管理');
INSERT INTO `AC_FUNC_RESOURCE` VALUES ('FUNC1499956297', 'p', '#/behavior.html', '功能行为类型定义', '功能行为类型定义');
INSERT INTO `AC_FUNC_RESOURCE` VALUES ('FUNC1499956301', 'p', '#/roleManagement.html', '角色管理', '角色管理');
INSERT INTO `AC_FUNC_RESOURCE` VALUES ('FUNC1499956302', 'p', '#/opManage.html', '操作员管理', '操作员管理');
INSERT INTO `AC_FUNC_RESOURCE` VALUES ('FUNC1499956303', 'p', '#/roleConfig.html', '个性化配置', '个性化配置');
INSERT INTO `AC_FUNC_RESOURCE` VALUES ('FUNC1499956304', 'p', '#/Reorganizemenu.html', '重组菜单', '重组菜单');
INSERT INTO `AC_FUNC_RESOURCE` VALUES ('FUNC1499956308', 'p', '#/shortcutMenu.html', '快捷菜单', '快捷菜单');
INSERT INTO `AC_FUNC_RESOURCE` VALUES ('FUNC1499956309', 'p', '#/operstatus.html', '操作员身份', '操作员身份');
INSERT INTO `AC_FUNC_RESOURCE` VALUES ('FUNC1499956310', 'p', '#/dictionary.html', '业务字典管理', '业务字典管理');
INSERT INTO `AC_FUNC_RESOURCE` VALUES ('FUNC1499956311', 'p', '#/numberResources.html', '序号资源表管理', '序号资源表管理');
INSERT INTO `AC_FUNC_RESOURCE` VALUES ('FUNC1500075337', 'p', 'applicationRService.createAcFunc', 'applicationRService.createAcFunc', 'applicationRService.createAcFunc');
INSERT INTO `AC_FUNC_RESOURCE` VALUES ('FUNC1500601486', 'jsp', '#/abftree.html', '组织机构管理', '组织机构');
INSERT INTO `AC_FUNC_RESOURCE` VALUES ('FUNC1500601487', 'pageflow', '#/Emp.html', '员工管理', '员工管理');
INSERT INTO `AC_FUNC_RESOURCE` VALUES ('FUNC1500601488', 'pageflow', '业务机构', '组织机构管理', '业务机构');
INSERT INTO `AC_FUNC_RESOURCE` VALUES ('FUNC1500601505', 'jsp', '工作组', '工作组', '工作组');
INSERT INTO `AC_FUNC_RESOURCE` VALUES ('FUNC1500601528', 'workflow', 'javascript:;', '组织机构管理', '职务定义');
INSERT INTO `AC_FUNC_RESOURCE` VALUES ('FUNC1500601529', 'jsp', '#/applicationFun.html', '权限管理', '应用功能管理');
INSERT INTO `AC_FUNC_RESOURCE` VALUES ('FUNC1500601530', 'p', '#/menuManagement.html', '权限管理', '菜单管理');
INSERT INTO `AC_FUNC_RESOURCE` VALUES ('FUNC1500601531', 'p', 'javascript:;', '权限管理', '数据形体管理');
INSERT INTO `AC_FUNC_RESOURCE` VALUES ('FUNC1500601532', 'p', 'javascript::', '权限管理', '数据范围管理');
INSERT INTO `AC_FUNC_RESOURCE` VALUES ('FUNC1500601533', 'p', '#/roleManagement.html', '权限管理', '角色管理');
INSERT INTO `AC_FUNC_RESOURCE` VALUES ('FUNC1500601534', 'p', '#/behavior.html', '权限管理', '功能行为类型定义');
INSERT INTO `AC_FUNC_RESOURCE` VALUES ('FUNC1500601535', 'p', '#/roleManagement.html', '权限管理', '角色管理');
INSERT INTO `AC_FUNC_RESOURCE` VALUES ('FUNC1500601536', 'p', '#/opManage.html', '操作员管理', '操作员管理');
INSERT INTO `AC_FUNC_RESOURCE` VALUES ('FUNC1500601537', 'p', '#/Reorganizemenu.html', '操作员管理', '重组菜单');
INSERT INTO `AC_FUNC_RESOURCE` VALUES ('FUNC1500601538', 'p', 'javascript:;', '操作员管理', '特殊权限');
INSERT INTO `AC_FUNC_RESOURCE` VALUES ('FUNC1500601539', 'p', '#/operstatus.html', '操作员管理', '操作员身份');
INSERT INTO `AC_FUNC_RESOURCE` VALUES ('FUNC1500601540', 'p', '#/dictionary.html', '其他管理', '业务字典');
INSERT INTO `AC_FUNC_RESOURCE` VALUES ('FUNC1500601543', 'p', '#/numberResources.html', '其他管理', '序号资源表管理');
INSERT INTO `AC_FUNC_RESOURCE` VALUES ('FUNC1504581747', 'pageflow', 'transtimeer.html', null, '定时器功能');
INSERT INTO `AC_FUNC_RESOURCE` VALUES ('FUNC1504890587', 'jsp', 'journal.html', '日志管理', '日志管理');
INSERT INTO `AC_FUNC_RESOURCE` VALUES ('FUNC1506258491', 'jsp', '/configuration.html', '个性化配置管理', '个性化配置管理');


